,SREBP_SREBF1_HepG2_encode-Snyder_seq_hsa_insulin_AlignACE_1,SREBP_SREBF1_HepG2_encode-Snyder_seq_hsa_insulin_AlignACE_2,SREBP_SREBF1_HepG2_encode-Snyder_seq_hsa_insulin_AlignACE_3,SREBP_SREBF1_HepG2_encode-Snyder_seq_hsa_insulin_MDscan_1,SREBP_SREBF1_HepG2_encode-Snyder_seq_hsa_insulin_MDscan_2,SREBP_SREBF1_HepG2_encode-Snyder_seq_hsa_insulin_MDscan_3,SREBP_SREBF1_HepG2_encode-Snyder_seq_hsa_insulin_MEME_1,SREBP_SREBF1_HepG2_encode-Snyder_seq_hsa_insulin_MEME_2,SREBP_SREBF1_HepG2_encode-Snyder_seq_hsa_insulin_Trawler_1,SREBP_SREBF1_HepG2_encode-Snyder_seq_hsa_insulin_Trawler_2,SREBP_SREBF1_HepG2_encode-Snyder_seq_hsa_insulin_Trawler_3,Class
chr3:195163762-195164066,1,0,1,0,0,0,1,1,0,0,1,1
chr12:24720923-24721791,0,0,0,0,0,0,1,0,0,1,0,-1
chr15:101947492-101947562,0,0,0,0,0,0,0,0,0,0,0,-1
chr21:44394620-44394755,1,0,1,0,0,0,0,0,0,0,0,1
chr14:34801397-34801701,0,0,0,0,0,0,0,0,0,0,0,1
chr3:50337142-50337418,0,1,1,0,0,0,0,0,0,0,0,1
chr8:126010439-126010709,1,1,1,1,1,1,0,0,0,0,0,1
chr1:11866042-11866312,1,1,1,0,0,0,1,1,0,1,0,1
chr2:207207793-207208132,0,0,0,0,0,0,0,0,0,0,1,-1
chr19:2061553-2061829,1,1,1,0,0,0,1,1,0,0,0,1
chr20:382442-382663,0,0,0,0,0,0,0,0,0,0,0,1
chr11:43701990-43702166,1,0,1,0,0,0,0,0,0,0,1,1
chr11:64879129-64879433,1,1,1,0,0,0,0,0,1,0,1,1
chr12:74234680-74234784,0,0,0,0,0,0,0,0,0,0,0,-1
chr18:52785077-52785785,0,0,0,0,0,0,0,0,0,0,0,-1
chr18:19072933-19073545,0,0,0,0,0,0,0,0,0,0,0,-1
chr1:149224375-149224645,1,1,0,0,0,0,0,0,0,0,0,1
chr8:13647881-13648234,0,0,0,0,0,0,0,0,0,0,0,-1
chr9:86323455-86323725,0,0,0,0,0,0,0,0,0,0,1,1
chr8:140847168-140847355,0,0,0,0,0,0,0,0,0,0,0,-1
chr6:43774150-43774420,0,0,0,0,0,0,0,0,0,0,0,1
chr16:71598699-71598969,1,1,1,0,0,0,0,0,1,0,0,1
chr20:52380313-52380589,0,0,0,0,0,0,0,0,0,0,0,1
chr2:132952317-132953081,0,0,0,0,0,0,0,0,0,0,0,-1
chr1:162760321-162760407,1,1,1,0,0,0,0,0,0,1,0,1
chr2:220094240-220094544,1,1,1,0,0,0,0,0,0,1,1,1
chr1:155079834-155080104,0,0,1,0,0,0,0,0,0,0,0,1
chr10:102106629-102106883,0,1,1,1,0,1,1,0,0,0,0,1
chr12:12545001-12545129,0,0,0,0,0,0,0,0,0,0,0,-1
chr1:161864640-161864746,0,0,0,0,0,0,0,0,0,0,0,-1
chr3:76134-76616,0,0,0,0,0,0,0,0,0,0,0,-1
chr2:239228919-239229223,1,1,1,1,1,1,1,1,0,0,0,1
chr7:91764082-91764192,0,0,1,0,0,0,0,0,0,0,0,1
chr6:53213772-53214652,1,1,0,0,0,0,0,0,0,0,1,-1
chr2:120301861-120302165,1,1,1,1,1,1,1,1,0,0,1,1
chr6:35370438-35370708,1,1,0,0,0,0,0,0,0,1,0,1
chr14:23755323-23755627,1,1,1,0,0,0,0,0,0,0,0,1
chr2:223725592-223725862,1,1,1,0,0,0,0,1,0,0,0,1
chr9:132175913-132176217,1,1,1,1,1,1,1,1,1,0,1,1
chr22:49578845-49579368,1,1,1,1,1,1,1,0,0,0,0,-1
chr3:44669675-44669924,0,0,0,0,0,0,0,0,0,0,0,-1
chr17:18032350-18032441,0,0,0,0,0,0,0,0,0,0,0,-1
chr20:56906523-56907173,0,0,0,0,0,0,0,1,0,0,0,-1
chr5:71604100-71604376,1,1,1,0,0,0,0,0,0,0,0,1
chr8:71957575-71958460,0,0,0,0,0,0,0,0,0,0,0,-1
chr3:108981733-108981827,0,0,0,0,0,0,0,0,0,0,0,-1
chr19:14116990-14117294,1,1,1,0,0,0,1,1,0,0,1,1
chr22:44321333-44321609,1,0,0,0,0,0,0,0,0,0,0,1
chr1:85389307-85389462,0,0,0,1,0,1,1,1,0,0,0,-1
chr1:1051720-1051845,1,1,1,0,0,0,1,1,0,0,0,1
chr14:74813584-74813801,0,0,0,0,0,0,0,0,0,0,0,-1
chr5:151151273-151151577,0,1,1,1,1,1,0,1,0,0,0,1
chr6:95917165-95917359,0,0,0,0,0,0,0,0,0,0,0,-1
chr1:39325420-39325724,1,1,1,0,0,0,0,0,0,0,0,1
chr1:70575399-70575780,0,0,0,0,0,0,0,0,0,0,0,-1
chr22:31686663-31686967,1,1,1,0,0,0,0,0,0,0,0,1
chr12:73385742-73386607,1,0,0,0,0,0,0,0,0,0,0,-1
chr8:17764847-17765049,1,1,0,0,0,0,0,0,0,0,0,1
chr11:15743026-15743368,0,0,0,0,0,0,0,0,0,0,0,-1
chr8:51801986-51802213,0,0,0,0,0,0,1,0,0,0,0,-1
chr14:21577955-21578231,0,0,0,0,0,0,0,0,0,0,0,1
chr5:71553934-71554271,0,0,0,0,0,0,0,0,0,0,0,-1
chr16:76841862-76842102,0,0,0,0,0,0,0,0,0,0,0,-1
chr2:85581621-85581891,0,1,1,0,0,0,0,0,0,0,0,1
chr19:8226131-8226407,0,0,0,0,0,0,0,0,0,0,0,1
chr4:95727710-95727850,0,0,0,0,0,0,0,0,0,0,0,-1
chr14:62161932-62162202,1,1,1,0,0,0,0,0,0,0,1,1
chr16:72698857-72699161,1,1,1,1,1,1,1,1,0,0,1,1
chr5:27147229-27147310,0,0,0,0,0,0,0,0,0,0,0,-1
chr5:150473644-150473920,0,0,0,0,0,0,0,0,0,0,0,1
chr7:26904307-26904611,0,0,1,0,0,0,0,0,0,0,0,1
chr10:11287039-11287383,0,0,0,0,0,0,0,0,0,0,0,-1
chr4:165640863-165641152,0,0,0,0,0,0,0,0,0,0,0,-1
chr19:11199943-11200213,0,0,0,1,1,1,1,1,1,0,0,1
chr1:155231607-155231911,1,1,1,0,0,0,0,0,0,0,0,1
chr16:58163358-58163628,1,1,1,1,1,1,1,1,0,0,0,1
chr20:382558-382862,0,0,0,0,0,0,0,0,0,0,0,1
chr3:45883582-45883733,0,0,0,0,0,0,0,0,0,0,0,1
chr1:144533722-144534026,1,1,1,0,0,0,0,0,0,0,0,1
chr7:64197122-64197309,1,1,1,0,0,0,0,0,0,0,0,-1
chr20:61903945-61904249,1,1,1,1,1,1,1,1,0,0,0,1
chr2:121010262-121010566,1,1,1,1,1,1,1,1,0,1,0,1
chr15:40939077-40939184,0,0,0,0,0,0,0,0,0,0,0,-1
chr1:235110909-235111179,0,0,0,0,0,0,0,0,0,0,0,1
chr4:45788040-45789040,0,0,0,0,0,0,0,0,0,0,0,-1
chr16:84538153-84538457,1,1,1,0,0,0,0,0,0,1,0,1
chr1:243490859-243491187,0,0,0,0,0,0,0,0,0,0,0,-1
chr7:129334508-129334593,0,0,0,0,0,0,0,0,0,0,0,-1
chr22:42228795-42229152,1,1,1,0,0,0,0,0,0,0,0,1
chr6:67036014-67036582,0,0,0,0,0,0,0,0,0,0,0,-1
chr6:43142349-43142653,0,0,1,1,1,1,1,1,0,0,0,1
chrX:126706328-126706773,0,0,0,0,0,0,0,0,0,0,0,-1
chr3:142660556-142660860,0,0,0,0,0,0,0,0,0,0,0,1
chr20:23342409-23342713,1,1,1,0,0,0,0,0,0,1,0,1
chr11:86748826-86749056,1,1,1,0,0,0,0,0,0,0,0,1
chr2:8818855-8819159,1,1,1,1,1,1,1,1,0,0,1,1
chr16:68032686-68032956,0,1,0,0,0,0,0,0,0,0,0,1
chr3:16406026-16406163,0,0,0,0,0,0,0,0,0,0,0,-1
chr9:130866119-130866733,0,0,0,0,0,0,0,0,0,1,0,-1
chr10:16359829-16359888,0,0,0,0,0,0,0,0,0,0,0,-1
chr1:8971401-8971964,0,0,0,1,1,1,0,0,0,0,0,-1
chr14:21522511-21522781,0,0,0,0,0,0,0,0,0,0,0,1
chr8:48957428-48957719,0,0,0,0,0,0,0,0,0,0,0,-1
chr12:125424304-125424580,1,1,1,0,0,0,0,0,1,0,0,1
chr4:156144045-156144123,0,0,0,0,0,0,0,0,0,0,0,-1
chr21:38738872-38739176,1,1,1,1,1,1,1,1,0,0,0,1
chr6:27763607-27763883,0,0,0,0,0,0,0,0,0,0,0,1
chr19:6066676-6066980,0,0,0,1,1,1,1,1,0,0,1,1
chr3:22155289-22155923,0,0,0,0,0,0,0,0,0,0,0,-1
chr14:64108645-64108949,0,0,0,0,0,0,0,0,0,0,0,1
chr8:56664034-56664219,0,0,0,0,0,0,0,0,0,0,0,-1
chr20:33463913-33464197,1,1,1,0,0,0,0,0,0,0,0,1
chr19:14062990-14063294,1,1,1,1,0,1,1,1,0,0,1,1
chr1:9267829-9268295,0,0,0,0,0,0,0,0,0,0,0,-1
chr18:76981738-76982158,0,0,0,0,0,0,0,0,0,0,0,-1
chr15:56536478-56536782,0,0,1,0,0,0,0,0,0,0,0,1
chr2:228683440-228683710,1,1,0,0,0,0,0,0,1,0,0,1
chr3:81440078-81440645,1,0,0,0,0,0,0,0,0,0,0,-1
chr6:53224163-53224433,1,1,1,0,0,0,0,0,0,0,0,1
chr10:120391972-120392678,1,0,1,0,0,0,0,0,0,0,0,-1
chr3:182600874-182601049,0,0,0,0,0,0,0,0,0,0,0,-1
chr2:204192781-204193085,1,1,1,0,0,0,0,1,0,0,0,1
chr12:92539575-92539851,0,0,0,0,0,0,0,0,0,0,0,1
chr16:57334357-57334633,0,0,0,0,0,0,0,0,0,0,0,1
chr4:44618234-44618822,0,0,0,0,0,0,0,0,0,0,0,-1
chr1:155278424-155278662,1,0,0,0,0,0,0,0,0,0,0,1
chr17:72423268-72423538,1,0,1,0,0,0,0,0,0,0,0,1
chr10:90521859-90521944,0,0,0,0,0,0,0,0,0,0,0,-1
chr7:104227087-104227509,0,0,0,0,0,0,0,0,0,0,0,-1
chr15:64220909-64220984,0,0,0,0,0,0,0,0,0,0,0,-1
chr11:64934634-64934703,0,0,0,0,0,0,0,0,0,0,0,-1
chr2:234868697-234869419,0,0,0,1,1,1,1,0,0,0,0,-1
chr7:132766830-132767134,0,0,0,1,1,1,1,1,0,0,0,1
chr8:53015303-53015381,0,0,0,0,0,0,0,0,0,0,0,-1
chr7:120086665-120087083,0,0,0,0,0,0,0,0,0,0,0,-1
chr8:117131497-117131891,0,0,0,0,0,0,0,0,0,0,0,-1
chr4:39342730-39343006,0,1,0,0,0,0,0,0,0,0,0,1
chr6:168438351-168438431,0,0,0,0,0,0,0,0,0,0,0,-1
chr4:177117751-177117998,0,0,0,0,0,0,0,0,0,0,0,-1
chr8:106093971-106094230,0,0,0,0,0,0,0,0,0,0,0,-1
chr9:92756480-92756750,1,0,1,0,0,0,0,0,0,1,0,1
chr1:22778126-22778402,1,1,1,0,0,0,0,0,0,0,0,1
chr2:20189752-20190056,1,1,1,1,1,1,1,1,0,0,0,1
chr22:36397089-36397228,0,0,0,0,0,0,0,0,0,0,0,-1
chr7:44646371-44646675,1,1,1,0,0,0,0,0,0,0,0,1
chr1:9599299-9599603,1,1,1,0,0,0,0,0,0,0,0,1
chr7:125896326-125896734,0,0,0,0,0,0,0,0,0,0,0,-1
chr6:118619396-118620056,0,0,0,1,0,0,0,0,0,0,0,-1
chr2:147407265-147407601,0,0,0,0,0,0,0,1,1,0,0,-1
chr1:207925258-207925528,1,1,1,0,0,0,0,0,0,0,0,1
chr8:59465547-59465851,1,1,1,1,1,1,0,1,0,0,0,1
chr4:168599148-168599413,0,0,0,0,0,0,0,0,0,0,0,-1
chr7:4070857-4070925,0,0,0,0,0,0,0,0,0,0,0,-1
chr10:22341910-22342186,0,0,0,0,0,0,0,0,0,0,0,1
chr2:20793148-20793418,0,0,0,0,0,0,0,1,0,0,0,1
chr2:21586699-21587068,0,0,0,0,0,0,0,0,0,0,0,-1
chr12:27668162-27668414,0,0,0,0,0,0,0,1,0,0,0,-1
chr22:27200797-27201369,0,0,0,0,0,0,0,0,0,0,0,-1
chr20:55043406-55043710,1,1,1,1,1,1,1,1,1,0,1,1
chr20:46934570-46934646,0,0,0,0,0,0,0,0,0,0,0,-1
chr14:74003655-74003925,0,0,1,0,0,0,0,0,0,0,0,1
chr3:141847608-141847724,0,0,0,0,0,0,0,0,0,0,0,-1
chrX:38289828-38290130,0,0,0,0,0,0,0,0,0,0,0,-1
chr1:53791999-53792122,0,0,1,0,0,0,0,0,0,0,0,1
chr10:42614093-42614415,0,0,0,0,0,0,0,0,0,0,0,-1
chr12:5619531-5620011,0,0,0,0,0,0,0,0,1,1,0,-1
chr11:62609137-62609413,0,0,0,0,0,0,0,1,0,0,0,1
chr11:113740906-113740966,0,0,0,0,0,0,0,0,0,0,0,-1
chr1:191844831-191845004,0,0,0,0,0,0,0,0,0,0,0,-1
chr9:7843031-7843374,0,0,0,0,0,0,0,0,1,0,0,-1
chr20:13935214-13935308,0,0,0,0,0,0,0,0,0,1,0,-1
chr2:183580624-183580928,1,1,1,1,1,1,1,1,0,0,0,1
chr1:83300080-83300557,0,0,0,0,0,0,0,0,0,0,0,-1
chr22:38577759-38577961,1,1,1,0,0,0,0,0,0,0,1,1
chr17:56704250-56704509,0,0,0,0,0,0,0,0,0,0,0,-1
chr3:112764230-112764488,0,0,0,0,0,0,0,0,0,0,0,-1
chr4:153055024-153055130,0,0,0,0,0,0,0,0,0,0,0,-1
chr10:98623261-98624181,0,0,0,0,0,0,0,0,0,0,0,-1
chr2:162016472-162016742,0,0,0,0,0,0,1,0,0,0,0,1
chr20:53039960-53040315,0,0,0,0,0,0,0,0,0,0,0,-1
chr2:120124403-120124591,1,1,1,0,0,0,0,0,0,0,0,1
chr5:110848250-110848526,1,1,1,0,0,0,0,0,1,0,0,1
chr7:91763913-91764261,1,1,1,0,0,0,0,0,0,0,0,1
chr14:73388663-73389012,0,0,0,0,0,0,0,0,0,0,0,-1
chr20:53532184-53532482,0,0,0,0,0,0,0,0,0,0,0,-1
chr4:111114977-111115253,0,0,0,0,0,0,0,0,0,0,0,1
chr16:68032726-68033030,0,1,0,0,0,0,0,0,0,0,0,1
chr6:43477968-43478272,1,1,1,1,1,1,1,1,0,0,1,1
chr2:10183385-10183689,1,1,1,0,0,0,0,0,0,0,0,1
chr4:775505-775809,1,1,1,0,0,0,0,0,0,0,0,1
chr4:26322142-26322346,1,1,0,0,0,0,0,0,0,0,0,-1
chr18:13726484-13726788,1,1,1,0,0,0,0,0,0,0,1,1
chr12:122124839-122125143,0,1,1,0,0,0,0,0,0,0,1,1
chr17:57784680-57784950,0,0,0,0,0,0,0,0,0,0,1,1
chr17:62223096-62223366,0,0,0,0,0,0,0,0,0,0,0,1
chr9:46301443-46302254,0,0,0,0,0,0,0,0,1,0,0,-1
chr14:79243091-79243148,0,0,0,0,0,0,0,0,0,0,0,-1
chr1:36929878-36930154,1,1,1,0,0,0,0,0,0,0,0,1
chr3:181235717-181236059,0,0,0,1,1,1,1,0,0,0,0,-1
chr14:23398530-23398834,0,0,1,1,1,1,1,1,0,0,0,1
chr12:106247769-106247891,0,0,0,0,0,0,0,0,0,0,0,-1
chr7:37982886-37983156,0,0,0,0,0,0,0,0,0,0,0,1
chr10:1094796-1095092,1,1,1,0,0,0,0,0,0,1,1,1
chr17:77279643-77279939,0,0,0,0,0,0,0,0,0,0,0,-1
chr7:145708314-145708380,0,0,0,0,0,0,0,0,0,0,0,-1
chr9:117108782-117108948,0,0,0,0,0,0,1,0,0,0,0,-1
chr2:88927096-88927366,0,0,0,0,0,0,0,0,0,0,0,1
chr17:27506406-27506710,1,1,1,0,0,0,0,0,0,0,1,1
chr3:50233333-50233637,1,1,0,0,0,0,1,0,0,0,0,1
chr20:18762005-18762121,0,0,0,0,0,0,0,0,0,0,0,-1
chr19:11201083-11201260,1,1,1,0,0,0,0,0,0,1,0,1
chr17:74137338-74137498,1,1,0,1,1,1,1,1,0,0,0,1
chr20:42523438-42523662,0,0,0,0,0,0,0,0,0,0,1,-1
chr1:11866045-11866327,1,1,1,0,0,0,1,1,0,1,0,1
chr12:56367497-56367767,1,0,1,0,0,0,0,0,0,0,0,1
chr12:65006555-65007443,0,0,0,0,0,0,0,0,0,0,0,-1
chr17:66015960-66016236,1,1,1,0,0,0,0,0,0,0,0,1
chr9:119425612-119425998,0,0,0,0,0,0,0,0,0,0,0,-1
chr8:118793876-118794006,0,0,0,0,0,0,0,0,0,0,0,-1
chrX:104451152-104451863,0,0,0,0,0,0,0,0,0,0,0,-1
chr8:2076302-2077114,0,0,0,0,0,0,0,0,0,0,0,-1
chr14:102771353-102771657,0,1,0,1,1,1,1,1,0,0,1,1
chr4:106504947-106505516,0,0,0,0,0,0,0,0,0,0,0,-1
chr4:16536310-16537042,0,0,0,0,0,0,0,0,0,0,0,-1
chr10:9212096-9212919,0,0,0,0,0,0,0,0,0,0,0,-1
chr17:49235825-49236142,0,0,0,0,0,0,0,0,1,0,0,-1
chr3:27410974-27411055,1,0,0,1,1,1,1,1,0,0,0,1
chr4:111695157-111695386,0,0,0,0,0,0,0,0,0,0,0,-1
chr17:17743434-17743643,1,1,1,0,0,0,0,0,0,0,0,1
chr16:61208264-61208720,0,1,0,0,0,0,0,0,0,0,0,-1
chr1:51098687-51099693,0,0,0,1,1,1,1,1,0,0,1,-1
chr16:68713635-68713701,0,0,0,0,0,0,0,0,0,0,0,-1
chr16:31499812-31499942,1,1,1,0,0,0,0,0,0,0,0,-1
chr16:759599-759869,0,0,1,1,1,1,1,1,0,0,0,1
chr17:74449200-74449504,1,1,1,1,1,1,1,1,0,0,0,1
chr3:196996827-196997010,0,0,0,0,0,0,0,0,0,0,0,-1
chr2:223598617-223598893,1,0,1,0,0,0,0,0,0,0,0,1
chr2:44588807-44589083,1,0,1,1,1,1,1,1,0,0,0,1
chr19:33894586-33894890,1,1,1,0,0,0,0,0,0,0,0,1
chr17:8042687-8042963,1,0,0,0,0,0,0,0,1,0,0,1
chr19:46295986-46296290,1,1,1,0,0,0,1,1,0,0,0,1
chr8:9027293-9027427,0,0,0,0,0,0,0,0,0,0,0,-1
chr22:30608604-30608880,0,0,1,0,0,0,0,0,0,1,0,1
chr17:47544470-47545001,0,0,1,1,1,1,0,0,0,1,0,-1
chr22:38577702-38577972,1,1,1,0,0,0,0,0,0,0,1,1
chr9:81119141-81119426,0,0,0,0,0,0,0,0,0,0,0,-1
chr11:11019816-11020005,0,0,0,0,0,0,0,0,0,0,0,-1
chr17:13962717-13962921,0,0,0,0,0,0,0,0,0,0,0,-1
chr2:69430911-69431660,0,0,0,0,0,0,0,0,0,0,0,-1
chr3:36912887-36913235,0,0,0,0,0,0,0,0,0,0,0,-1
chr7:105925802-105926072,1,1,1,0,0,0,0,0,0,0,1,1
chr2:44004039-44004211,0,0,0,0,0,0,0,0,0,0,0,-1
chr3:141456860-141457136,1,1,1,0,0,0,0,0,0,0,0,1
chr11:12922708-12923486,0,0,0,0,0,0,0,1,0,0,0,-1
chr6:115099753-115100197,0,0,0,0,0,0,0,0,0,0,0,-1
chr9:116415210-116415486,0,0,0,0,0,0,0,0,0,0,0,1
chr6:169763314-169763569,0,0,0,0,0,0,0,0,0,0,0,-1
chr2:10743001-10743203,0,0,0,0,0,0,0,0,0,0,0,-1
chr11:121163252-121163528,1,1,1,0,0,0,0,0,0,0,0,1
chr19:39322524-39322828,0,0,0,0,0,0,0,0,0,0,0,1
chr10:97214305-97214471,0,0,0,0,0,0,0,0,0,0,0,-1
chr19:4724599-4724875,0,0,0,0,0,0,0,0,0,0,0,1
chr20:25604550-25604820,1,1,1,0,0,0,1,0,0,0,1,1
chr13:49029491-49030339,0,0,0,0,0,0,0,0,0,0,0,-1
chr1:183440787-183441091,0,0,1,1,1,1,1,1,1,0,0,1
chr3:104855813-104855935,0,0,0,0,0,0,0,0,0,0,0,-1
chr12:25347954-25348258,1,1,1,0,0,0,1,1,1,1,1,1
chr21:45902722-45902992,0,0,1,0,0,0,0,0,0,0,0,1
chr17:19265806-19266110,1,1,1,1,1,1,1,1,0,0,1,1
chr16:88729535-88729696,1,0,1,0,0,0,0,0,0,0,0,1
chr10:25936035-25936498,0,0,0,0,0,0,0,0,0,0,0,-1
chr2:20811112-20811382,1,1,0,0,0,0,1,0,0,0,0,1
chrX:27107167-27107652,0,0,0,0,0,0,0,0,0,0,0,-1
chr14:58222273-58222443,0,0,0,0,0,0,0,0,0,0,0,-1
chr2:223574211-223574464,0,1,0,0,0,0,0,0,0,0,0,1
chr5:101229644-101229730,0,0,0,0,0,0,0,0,0,0,0,-1
chr5:151151129-151151405,0,0,0,0,0,0,0,1,0,0,0,1
chr6:105334245-105334372,0,0,0,0,0,0,0,0,0,0,0,-1
chr2:223598597-223598901,1,0,1,0,0,0,0,0,0,0,0,1
chr3:5065018-5065294,0,0,0,0,0,0,0,0,0,0,0,1
chr10:1094828-1095098,1,1,1,0,0,0,0,0,0,1,0,1
chr1:100503499-100503775,1,1,1,0,0,0,0,0,0,0,0,1
chrX:144238459-144238528,0,0,0,0,0,0,0,0,0,0,0,-1
chr11:34618576-34618772,0,0,0,0,0,0,0,0,0,0,0,-1
chr16:15272146-15272338,0,0,0,0,0,0,0,0,0,0,0,-1
chr17:62223074-62223350,0,0,0,0,0,0,0,0,0,0,0,1
chr12:1800001-1800263,1,1,1,0,0,0,0,0,0,0,0,1
chr14:65380925-65381229,0,0,0,1,1,1,1,1,0,0,0,1
chr6:4277212-4277459,0,0,0,0,0,0,0,0,0,1,0,-1
chr4:80532966-80533353,0,0,0,0,0,0,0,0,0,0,0,-1
chr4:148024282-148025114,1,1,1,0,0,0,0,0,1,1,0,-1
chr6:31830663-31830939,1,1,0,0,0,0,0,0,0,0,0,1
chr21:47648693-47648963,1,1,1,0,0,0,0,0,0,0,0,1
chr12:78771131-78771584,0,0,0,0,0,0,0,0,0,0,0,-1
chr7:25202679-25203014,0,0,0,0,0,0,0,0,0,0,0,-1
chr11:111624941-111625222,0,0,0,0,0,0,0,0,0,0,0,-1
chr10:102106620-102106896,0,1,1,1,0,1,1,0,0,0,0,1
chr7:158649009-158649313,1,1,1,1,1,1,1,0,0,0,1,1
chr19:36482308-36482578,0,1,0,0,0,0,0,0,0,0,0,1
chr18:45612057-45612608,1,1,1,0,0,0,0,0,0,0,0,-1
chr1:189583700-189583975,0,0,0,0,0,0,0,0,0,0,0,-1
chr18:10999691-10999931,0,0,0,0,0,0,0,0,0,0,0,-1
chr18:37917118-37917244,0,0,0,0,0,0,0,0,0,0,0,-1
chr6:31371065-31371369,1,1,1,0,0,0,0,0,0,1,0,1
chr2:47261498-47261802,0,0,1,0,0,0,0,1,0,0,0,1
chr15:62412962-62413405,0,0,0,0,0,0,0,0,0,0,0,-1
chr22:44321341-44321611,1,0,0,0,0,0,0,0,0,0,0,1
chr2:10952799-10953103,1,1,1,0,0,0,0,0,0,0,0,1
chr4:13606851-13607058,0,0,0,0,0,0,0,0,0,0,0,-1
chr14:50087291-50087561,1,1,1,0,0,0,0,0,0,0,0,1
chr1:59580046-59580579,0,0,0,0,0,0,0,0,0,0,0,-1
chr10:18947567-18947650,0,0,0,0,0,0,0,0,0,0,0,-1
chr6:38670783-38671053,0,1,1,0,0,0,0,0,0,0,0,1
chr18:8984417-8984697,0,0,0,0,0,0,0,0,0,0,0,-1
chr4:78573299-78573833,0,0,0,0,0,0,0,0,0,0,0,-1
chr2:43205464-43205768,0,0,0,0,0,0,0,0,0,0,0,1
chr3:138352219-138352791,0,0,0,0,0,0,0,0,0,0,0,-1
chr20:49126570-49126874,1,1,1,1,1,1,1,1,1,0,1,1
chr2:242089667-242089937,1,1,1,0,0,0,0,0,0,0,1,1
chr2:182444194-182444335,0,0,0,0,0,0,0,0,0,0,0,-1
chr7:29248013-29248283,0,0,0,1,1,1,1,1,0,0,0,1
chr1:50983093-50983181,0,0,0,0,0,0,0,0,0,0,0,-1
chr4:159739053-159739351,0,0,0,0,0,0,0,0,0,0,0,-1
chr2:223574223-223574421,0,1,0,0,0,0,0,0,0,0,0,1
chr11:5710127-5710552,0,0,0,0,0,0,0,0,0,0,0,-1
chr13:93117204-93117485,0,0,0,0,0,0,0,0,0,0,0,-1
chr1:153922689-153922802,0,0,0,0,0,0,0,0,0,0,0,-1
chr6:161843792-161844654,0,0,0,0,0,0,0,0,0,0,0,-1
chr6:89384276-89384533,0,0,0,0,0,0,0,0,0,0,0,-1
chr20:34542148-34542452,1,1,1,0,0,0,0,0,0,0,0,1
chr1:242287968-242288181,0,0,0,0,0,0,0,0,0,0,0,-1
chr10:3827497-3827773,1,1,1,0,0,0,0,0,0,0,0,1
chr14:101217573-101217798,0,1,0,0,0,0,0,0,0,0,0,1
chr15:41575982-41576258,1,1,1,0,0,0,0,0,0,1,1,1
chr8:5646469-5646538,0,0,0,0,0,0,0,0,0,0,0,-1
chr1:95392733-95393037,1,1,1,0,0,0,0,0,0,0,0,1
chrX:125285626-125285759,0,0,0,0,0,0,0,0,0,0,0,-1
chr17:80477405-80477614,1,1,1,0,0,0,0,0,0,0,0,1
chr6:49296707-49297074,0,0,0,0,0,0,0,0,0,0,0,-1
chr8:32122275-32122356,0,0,0,0,0,0,0,0,0,0,0,-1
chr17:72744496-72744800,1,1,1,0,0,0,0,0,1,0,1,1
chr17:72423310-72423476,1,0,0,0,0,0,0,0,0,0,0,1
chr14:96001020-96001296,1,1,1,0,0,0,0,1,0,0,0,1
chr16:22206997-22207273,1,1,1,0,0,0,0,0,0,0,0,1
chr6:144416662-144416966,0,0,0,0,0,0,1,1,0,0,0,1
chr13:38956727-38957019,0,0,0,0,0,0,0,0,0,0,0,-1
chr17:1945087-1945391,1,1,1,1,1,1,1,1,0,1,0,1
chr6:63858395-63858469,0,0,0,0,0,0,0,0,0,0,0,-1
chr7:138622290-138622523,1,0,0,0,0,0,0,0,0,0,0,-1
chr14:80997991-80998323,0,0,0,1,1,1,0,0,0,0,0,-1
chr2:88438741-88439011,0,0,0,0,0,0,0,0,0,0,0,1
chr7:36176319-36176492,0,0,0,0,0,0,0,0,0,0,0,-1
chr11:71159420-71159696,1,1,1,0,0,0,0,0,0,0,0,1
chr2:85581635-85581939,0,1,1,0,0,0,0,0,0,0,0,1
chr1:45140088-45140392,0,1,1,1,1,1,1,1,0,0,0,1
chr4:114757684-114758136,0,0,0,0,0,0,0,0,0,0,0,-1
chr12:68574441-68574811,0,0,0,0,0,0,0,0,1,0,0,-1
chr12:110011270-110011520,1,0,0,0,0,0,0,0,0,0,0,1
chr19:58912683-58912953,0,1,1,1,1,1,1,1,0,0,1,1
chr9:21059948-21060294,0,0,0,0,0,0,0,0,0,0,0,-1
chr6:9515136-9515219,0,0,0,0,0,0,0,0,0,0,0,-1
chr7:25164942-25165218,1,1,1,0,0,0,0,0,0,1,0,1
chr22:45880031-45880301,0,0,0,0,0,0,0,0,0,0,0,1
chr7:132460905-132461220,1,1,0,0,0,0,0,0,0,0,0,-1
chr4:129906818-129906890,0,0,0,0,0,0,0,0,0,0,0,-1
chr11:67276076-67276380,1,1,1,1,1,1,1,1,0,0,0,1
chr2:88438746-88438948,0,0,0,0,0,0,0,0,0,0,0,1
chr14:69703261-69704291,0,0,0,1,1,1,0,0,0,1,0,-1
chr1:55088422-55088565,0,0,0,0,0,0,0,0,0,0,0,-1
chr6:28641581-28641857,0,0,0,0,0,0,0,0,1,0,0,1
chr17:42447052-42447146,0,1,0,0,0,0,0,0,0,0,0,1
chr14:31698946-31699216,0,0,0,0,0,0,0,0,0,0,0,1
chr10:100503322-100503639,0,0,0,0,0,0,0,0,0,0,0,-1
chr16:13204380-13204650,0,0,0,0,0,0,1,0,0,0,0,1
chr19:36499697-36499785,0,0,0,0,0,0,0,0,0,0,0,1
chr9:136591539-136591965,0,0,1,0,0,0,0,1,0,0,0,-1
chr11:60928575-60928879,1,1,1,0,0,0,0,0,0,0,0,1
chr19:1383354-1383630,1,1,1,0,0,0,0,0,1,0,1,1
chr2:178312016-178312908,0,0,0,0,0,0,0,0,0,0,0,-1
chr12:57624583-57624756,0,0,0,0,0,0,0,1,0,0,0,1
chr6:166765466-166765770,0,0,0,0,0,0,0,0,0,0,0,1
chr3:76333245-76334280,0,0,0,0,0,0,0,0,0,0,0,-1
chr19:3572416-3572720,1,1,1,1,1,1,1,1,0,0,1,1
chr2:54714328-54714969,0,0,0,0,0,0,0,0,0,0,0,-1
chr10:64893066-64893175,1,0,1,0,0,0,0,0,0,0,0,-1
chr6:9296294-9297036,0,0,0,0,0,0,0,0,0,0,0,-1
chr4:121653830-121653946,0,0,0,0,0,0,0,0,0,0,0,-1
chr9:108180875-108181151,0,0,0,0,0,0,0,0,0,0,0,1
chr9:92756483-92756787,1,0,1,0,0,0,0,0,0,1,0,1
chr4:146019181-146019457,1,0,0,0,0,0,0,0,1,0,0,1
chr17:73234844-73234994,0,0,0,0,0,0,0,0,0,0,0,-1
chr20:13619460-13619764,1,1,1,1,1,1,1,1,0,0,1,1
chr16:75590045-75590349,1,1,1,1,1,1,1,1,0,0,0,1
chr1:188839793-188839915,0,0,0,0,0,0,0,0,0,0,0,-1
chr5:110848207-110848496,1,1,1,0,0,0,0,0,1,0,0,1
chr11:116696229-116696499,0,0,0,0,0,0,0,0,0,0,0,1
chr21:46707739-46708043,1,1,1,1,1,1,1,1,0,0,1,1
chr13:68289411-68290434,0,0,0,0,0,0,0,0,0,0,0,-1
chr17:3386887-3386948,0,0,0,0,0,0,0,0,0,0,0,-1
chr16:17497586-17498295,1,1,1,0,0,0,0,0,1,0,0,-1
chr17:36414106-36414214,0,0,0,0,0,0,0,0,0,0,0,-1
chr8:104048554-104048636,0,0,0,0,0,0,0,0,0,0,0,-1
chr14:23058209-23058513,0,0,0,1,1,1,1,1,0,0,0,1
chr4:139688444-139688611,0,0,0,0,0,0,0,0,0,0,0,-1
chr22:35659574-35659788,0,0,0,0,0,0,0,0,0,0,0,-1
chrX:68197567-68198564,1,1,1,0,0,0,1,0,1,0,0,-1
chr2:225545013-225545568,0,0,0,0,0,0,0,0,0,0,0,-1
chr3:113337471-113337661,0,0,0,0,0,0,0,0,0,0,0,-1
chr22:27170267-27170501,1,0,0,1,1,1,0,0,0,0,0,-1
chr3:79961320-79961489,0,0,0,0,0,0,0,0,0,0,0,-1
chr3:167097987-167098291,0,1,1,1,1,1,1,1,0,0,0,1
chr15:90118401-90118677,1,0,0,0,0,0,0,0,1,0,0,1
chr10:120514636-120514940,1,1,1,1,1,1,1,1,1,0,1,1
chr11:133938714-133939018,1,1,1,1,1,1,1,1,1,1,0,1
chr18:33058458-33058762,0,0,0,0,0,0,0,0,0,0,0,1
chr15:43803046-43803350,1,1,1,1,1,1,1,1,0,0,0,1
chr1:112383167-112383252,0,0,0,0,0,0,0,0,0,0,0,-1
chr1:171788651-171789064,0,0,0,0,0,0,0,0,0,0,0,-1
chr2:28592686-28592909,0,1,0,0,0,0,0,0,0,0,1,-1
chr10:93068947-93069202,0,0,0,0,0,0,0,0,0,0,0,-1
chr8:17764825-17765077,1,1,0,0,0,0,0,0,0,0,0,1
chr13:87829864-87829987,0,0,0,0,0,0,0,0,0,0,0,-1
chr15:43538518-43538578,0,1,1,0,0,0,0,0,0,0,0,-1
chr14:98236329-98236684,0,1,1,0,0,0,0,0,0,0,0,-1
chr3:45883545-45883821,0,0,1,0,0,0,0,0,0,0,0,1
chr16:58529057-58529327,0,0,0,1,1,1,1,1,0,0,0,1
chr7:132317018-132317134,0,0,0,0,0,0,0,0,0,0,0,-1
chr15:76327096-76327220,0,0,0,0,0,0,0,0,0,0,0,-1
chr9:101633869-101634470,1,0,0,0,0,0,0,0,0,0,0,-1
chr2:33747170-33748204,0,0,0,1,1,1,0,0,0,0,0,-1
chr8:10587944-10588213,1,1,1,0,0,0,0,0,0,0,0,-1
chr5:20594214-20594469,0,0,0,0,0,0,0,0,0,0,0,-1
chr17:18510023-18510316,0,0,0,0,0,0,0,0,0,0,0,-1
chr12:120826062-120826150,0,0,0,0,0,0,0,0,0,0,0,-1
chr13:19963271-19963431,0,0,0,0,0,0,0,1,0,0,0,-1
chr6:11537577-11537881,1,1,1,1,1,1,1,0,0,0,0,1
chr2:203453474-203453778,0,1,1,0,0,0,0,0,0,0,0,1
chr5:61621966-61622172,0,0,0,0,0,0,0,0,0,0,0,-1
chr19:2783277-2783581,1,1,1,1,1,1,1,1,0,0,0,1
chr18:4411986-4412165,0,0,0,0,0,0,0,0,0,0,0,-1
chr13:28485408-28485743,0,0,0,0,0,0,0,0,0,0,0,-1
chrX:8774327-8774767,0,0,0,0,0,0,0,0,0,0,0,-1
chrX:10343303-10343697,0,0,0,0,0,0,0,0,0,0,0,-1
chr2:239148712-239148819,1,1,1,0,0,0,0,0,0,0,0,1
chr5:43313724-43313959,0,0,1,0,0,0,0,0,0,0,0,1
chr7:29247971-29248275,0,0,0,1,1,1,1,1,0,0,0,1
chr10:99340927-99341072,0,0,0,0,0,0,0,0,0,0,0,-1
chr1:32671049-32671353,1,1,1,1,1,1,1,1,0,0,0,1
chr11:6502685-6502807,0,0,1,0,0,0,0,0,0,0,0,1
chr5:29978048-29978282,0,0,0,0,0,0,0,0,0,0,0,-1
chr12:1586310-1586420,0,0,0,0,0,0,0,0,0,0,0,-1
chr1:161193371-161193535,0,1,1,0,0,0,0,0,0,0,0,1
chr1:23119118-23119200,0,0,0,0,0,0,0,0,0,0,0,-1
chr4:629400-629668,0,1,0,0,0,0,0,0,0,0,0,-1
chr19:18058641-18058945,1,1,1,1,1,1,1,1,0,1,0,1
chr4:116531570-116531789,0,0,0,0,0,0,0,0,0,0,0,-1
chr6:156539648-156540277,0,0,0,0,0,0,0,0,0,0,0,-1
chr14:49221213-49221362,0,0,0,0,0,0,0,0,0,0,0,-1
chr14:56005975-56006558,0,0,0,0,0,0,0,0,0,0,0,-1
chr16:87425731-87426035,1,1,1,0,0,0,0,0,1,0,1,1
chr1:40349043-40349347,0,1,1,1,1,1,1,1,0,0,0,1
chr14:92212993-92213292,0,0,0,0,0,0,0,0,0,0,0,-1
chr7:77427850-77428154,1,1,1,0,0,0,0,0,0,0,0,1
chr4:152359087-152359171,0,0,0,0,0,0,0,0,0,0,0,-1
chr16:13204371-13204675,0,0,0,0,0,0,1,0,0,0,0,1
chr12:6480346-6480650,0,0,1,0,0,0,0,0,0,0,0,1
chr7:11012726-11013030,0,0,0,0,0,0,0,0,0,0,0,1
chr3:191580582-191580879,0,0,0,0,0,0,0,0,0,0,0,-1
chr6:155176893-155176972,0,0,0,0,0,0,0,0,0,0,0,-1
chr19:42773138-42773442,1,1,1,0,0,0,0,0,0,0,0,1
chr3:150455162-150455432,0,0,0,0,0,0,0,0,0,0,0,1
chr5:140098350-140098626,0,0,0,0,0,0,0,0,0,0,0,1
chr10:95205381-95205685,0,0,0,1,1,1,1,1,0,0,0,1
chr1:103252119-103252423,0,0,0,0,0,0,0,0,0,0,0,-1
chr12:51338258-51338387,1,0,0,0,0,0,0,0,0,0,0,-1
chr7:63466702-63467090,0,0,0,0,0,0,0,0,0,0,0,-1
chr8:8146061-8146331,0,0,1,1,1,1,1,0,0,0,0,1
chr6:11414310-11414407,0,0,0,0,0,0,0,0,0,0,0,-1
chr16:88729416-88729812,1,1,1,0,0,0,0,0,0,0,0,1
chr20:290576-290880,1,1,1,0,0,0,0,0,0,0,0,1
chr3:45883540-45883810,0,0,1,0,0,0,0,0,0,1,0,1
chr1:20802956-20803260,1,1,1,1,1,1,1,1,1,0,1,1
chr5:89711827-89711982,0,0,0,0,0,0,0,0,0,0,0,-1
chr2:220065476-220065746,0,1,0,0,0,0,0,0,0,0,1,1
chr10:107727360-107727637,0,0,0,0,0,0,0,0,0,0,0,-1
chr13:42501486-42501690,0,0,0,0,0,0,0,0,0,0,0,-1
chr3:2892243-2893061,0,0,0,0,0,0,1,1,0,0,0,-1
chr16:30961378-30961682,0,1,0,0,0,0,0,0,0,0,0,1
chr6:7160670-7160946,0,0,0,0,0,0,0,0,0,0,0,1
chr13:51164452-51165252,1,1,1,0,0,0,0,0,0,0,0,-1
chr2:74648631-74648935,1,1,1,1,1,1,1,1,1,0,1,1
chr11:73490514-73490818,1,1,1,1,1,1,1,0,0,0,1,1
chr5:41477793-41478537,0,0,0,0,0,0,0,0,0,0,0,-1
chr16:3697575-3697645,0,0,0,0,0,0,0,0,0,0,0,-1
chr20:6893781-6893998,1,0,0,0,0,0,0,0,1,0,0,-1
chr13:52194751-52195021,0,0,0,0,0,0,0,0,0,0,0,1
chr13:90245064-90245541,0,0,0,0,0,0,0,0,0,0,0,-1
chr3:53289998-53290302,1,1,1,0,0,0,0,0,0,0,0,1
chr20:328332-328636,1,1,1,1,1,1,1,1,1,0,0,1
chr17:73851351-73851627,1,1,1,0,0,0,0,0,0,0,1,1
chr5:152643010-152643803,0,0,0,0,0,0,0,0,0,0,0,-1
chr19:51611768-51612072,1,1,1,1,1,1,1,1,1,0,1,1
chr9:36921873-36922605,1,1,1,0,0,0,0,0,0,0,1,-1
chr17:41150203-41150507,0,0,1,0,0,0,0,0,0,0,0,1
chr6:150405258-150405866,0,0,0,0,0,0,0,0,0,0,0,-1
chr16:56671741-56672462,1,1,1,0,0,0,0,0,1,0,1,-1
chr6:26568919-26569195,0,0,0,0,0,0,0,0,0,0,0,1
chr15:52871202-52871810,0,1,0,0,0,0,0,0,0,0,0,-1
chr3:132240200-132240457,0,0,0,0,0,0,0,0,0,0,0,-1
chr2:223725531-223725807,1,1,1,0,0,0,0,1,0,0,0,1
chr6:75663712-75663797,0,0,0,0,0,0,0,0,0,0,0,-1
chr11:63776971-63777420,1,1,1,0,0,0,0,1,0,0,0,-1
chr3:58045165-58045435,0,0,0,0,0,0,0,0,0,0,0,1
chr14:94384496-94384671,0,0,0,0,0,0,0,0,0,0,0,-1
chr2:218321577-218321813,0,0,0,0,0,0,0,0,0,0,0,-1
chr2:140003333-140003624,0,0,0,0,0,0,0,0,0,0,0,-1
chr1:113353172-113353231,0,0,1,0,0,0,0,0,0,0,0,-1
chr6:126923143-126923497,0,0,0,0,0,0,0,0,0,0,0,-1
chr2:46775636-46775867,0,0,0,0,0,0,0,0,1,0,0,-1
chr14:23398739-23399015,1,0,0,0,0,0,0,0,0,0,0,1
chr17:66025644-66025948,0,0,0,0,0,0,0,0,0,0,0,1
chr1:209814787-209815438,0,0,1,0,0,0,0,1,0,1,1,-1
chr16:68003548-68003711,1,1,1,0,0,0,0,0,0,0,0,1
chr3:150159543-150159896,0,0,0,0,0,0,0,0,0,0,0,-1
chr17:57408805-57409109,1,1,1,0,0,0,0,0,1,0,1,1
chr16:68032747-68033023,0,1,0,0,0,0,0,0,0,0,0,1
chr8:126010477-126010685,1,1,1,0,0,0,0,0,0,0,0,1
chr11:66277963-66278267,1,1,1,1,1,1,1,1,1,0,1,1
chr14:68161471-68161775,0,0,0,0,0,0,0,0,0,0,0,1
chr11:17298066-17298370,1,1,1,1,1,1,1,1,0,0,0,1
chr1:91861963-91862383,0,0,0,0,0,0,0,0,0,0,0,-1
chr2:43037565-43037841,1,1,1,0,0,0,1,0,0,0,0,1
chr2:49997485-49997969,0,0,0,0,0,0,0,0,0,0,0,-1
chr15:88730292-88730917,0,0,0,0,0,0,0,0,0,0,0,-1
chr19:58151436-58152071,0,0,0,0,0,0,0,0,0,0,0,-1
chr22:30657160-30657436,1,0,1,0,0,0,0,0,0,0,0,1
chr17:70116959-70117263,0,1,1,0,0,0,0,0,1,0,0,1
chr17:72772338-72772642,1,1,1,0,0,0,0,0,0,0,0,1
chr11:120938263-120938533,0,0,0,0,0,0,0,1,0,0,0,1
chr11:61582471-61582741,1,1,1,0,0,0,1,0,0,0,0,1
chr13:113005106-113005411,0,0,0,0,0,0,0,0,0,0,0,-1
chr6:11537572-11537848,1,1,1,1,1,1,1,0,0,0,0,1
chr11:86748792-86749062,1,1,1,0,0,0,0,0,0,0,1,1
chr1:47845213-47845587,0,0,0,0,0,0,0,0,0,0,0,-1
chr4:178311027-178311543,0,0,0,0,0,0,0,0,0,0,0,-1
chr9:25458310-25458576,0,0,0,0,0,0,0,0,0,0,0,-1
chr2:64539570-64539840,0,0,0,0,0,0,0,0,0,0,0,1
chr6:10721707-10721817,0,1,0,0,0,0,0,0,0,0,0,1
chr12:18927212-18927672,0,0,0,0,0,0,0,0,0,0,0,-1
chr9:39900906-39901479,0,1,0,0,0,0,0,0,0,0,0,-1
chr6:19804872-19805176,1,1,1,1,1,1,1,1,0,0,0,1
chr15:67878269-67879183,0,0,0,0,0,0,0,1,0,0,0,-1
chr14:24053301-24053605,0,1,0,0,0,0,0,0,0,0,1,1
chr7:45700661-45701103,0,0,0,0,0,0,0,0,0,0,0,-1
chr9:75137317-75137759,0,0,0,0,0,0,0,0,0,0,0,-1
chr11:13156957-13157227,0,0,0,0,0,0,0,0,0,0,0,1
chr17:74733292-74733596,1,1,1,0,0,0,0,0,0,0,0,1
chrX:100778310-100778543,0,0,0,0,0,0,0,0,0,0,0,-1
chr13:78639298-78639642,0,0,0,0,0,0,0,0,0,0,0,-1
chr16:8957572-8957876,1,1,1,0,0,0,0,0,0,0,0,1
chr6:6657788-6658064,0,0,0,0,0,0,0,0,0,0,0,1
chrX:133260112-133260341,0,0,0,0,0,0,0,0,0,0,0,-1
chr20:26188961-26189237,1,1,1,0,0,0,0,0,0,0,0,1
chr11:125891073-125891142,0,0,0,0,0,0,0,0,0,0,0,-1
chr5:21707623-21707770,0,0,0,0,0,0,0,0,0,0,0,-1
chr6:49430786-49431090,1,1,1,0,0,0,0,1,0,0,1,1
chr3:184334638-184334773,0,0,0,0,0,0,0,0,0,0,0,-1
chr3:110940150-110940346,0,0,0,0,0,0,0,0,0,0,0,-1
chrX:108539399-108540442,0,0,0,1,1,1,1,0,1,0,0,-1
chr17:80056039-80056315,1,1,1,0,0,0,0,0,0,0,1,1
chr19:55677979-55678283,1,1,1,1,1,1,1,1,0,0,0,1
chr14:20929787-20929875,0,0,0,0,0,0,0,0,0,0,0,1
chr10:116372975-116373080,0,0,0,0,0,0,0,0,0,0,0,-1
chr7:112159482-112159634,0,0,0,0,0,0,0,0,0,0,0,-1
chr5:122927493-122927593,0,0,0,0,0,0,0,0,0,0,0,-1
chr22:31818644-31818713,0,0,0,0,0,0,0,0,0,0,0,-1
chr7:157112661-157112834,0,0,0,0,0,0,0,0,0,0,0,1
chr11:68227513-68227789,1,1,1,0,0,0,0,0,0,0,0,1
chr2:44001012-44001316,1,0,1,1,1,1,1,1,0,1,1,1
chr19:56165136-56165440,1,1,1,0,0,0,1,1,0,0,1,1
chrX:130496336-130496404,0,0,0,0,0,0,0,0,0,0,0,-1
chr17:2402739-2402877,0,0,0,0,0,0,0,0,0,0,0,-1
chr14:76127158-76127434,1,1,1,0,0,0,0,0,0,0,1,1
chr16:63886293-63886463,0,0,0,0,0,0,0,0,0,0,0,-1
chr11:63953377-63953647,1,0,1,0,0,0,0,0,0,0,0,1
chr21:16504079-16504527,0,0,0,0,0,0,0,0,0,0,0,-1
chr2:223598625-223598895,1,0,1,0,0,0,0,0,0,0,0,1
chr3:5020298-5020440,1,1,1,0,0,0,0,0,0,0,0,1
chr5:58315742-58316019,0,0,0,0,0,0,0,0,0,0,0,-1
chr14:21737583-21737853,0,1,0,0,0,0,0,0,0,0,0,1
chr17:66453746-66454022,1,1,1,0,0,0,0,0,0,0,0,1
chr5:146062843-146062915,0,0,0,0,0,0,0,0,0,0,0,-1
chr20:1305809-1306079,0,1,1,1,1,1,1,0,0,0,1,1
chr11:66049906-66050176,0,0,1,1,1,1,1,1,0,0,1,1
chr1:7381776-7381903,0,0,0,0,0,0,0,0,0,1,0,-1
chr16:88729461-88729731,1,1,1,0,0,0,0,0,0,0,0,1
chr1:53791907-53792177,1,1,1,1,1,1,0,1,0,0,0,1
chr17:57784676-57784952,0,0,0,0,0,0,0,0,0,0,1,1
chr16:89766580-89766884,1,1,1,1,1,1,1,1,0,0,1,1
chr20:31496219-31496472,1,1,0,0,0,0,0,0,0,0,0,-1
chr22:38577700-38577976,1,1,1,0,0,0,0,0,0,0,1,1
chr1:150601558-150601834,0,0,0,1,1,1,1,0,0,0,0,1
chr17:4444860-4445078,1,0,1,0,0,0,0,1,0,0,0,-1
chr19:58987342-58987646,0,1,1,0,0,0,1,1,1,0,0,1
chr12:1769496-1769766,0,0,0,0,0,0,0,0,0,0,0,1
chr5:159188643-159189358,0,0,0,0,0,0,0,0,0,0,0,-1
chr8:110163624-110164441,1,1,1,0,0,0,0,0,0,0,1,-1
chr1:105401183-105401403,0,0,0,0,0,0,0,0,0,0,0,-1
chr5:14962560-14962648,0,0,0,0,0,0,0,0,0,0,0,-1
chr3:111527004-111527340,0,0,0,0,0,0,0,0,0,0,0,-1
chr3:13493234-13493538,1,0,0,1,1,1,1,1,0,0,0,1
chrX:154556482-154556591,0,0,0,0,0,0,0,0,0,0,0,-1
chr6:120111917-120112004,0,0,0,0,0,0,0,0,0,0,0,-1
chr10:113354394-113355357,0,0,0,0,0,0,0,0,1,0,0,-1
chr5:140090730-140091006,0,0,0,0,0,0,0,0,0,0,1,1
chr11:131678619-131678740,0,0,0,0,0,0,0,0,0,0,0,-1
chr8:28810661-28811215,0,0,0,0,0,0,1,0,0,0,0,-1
chr16:29816976-29817280,1,1,1,0,0,0,0,0,0,0,0,1
chr17:27061207-27061288,0,0,0,0,0,0,0,0,0,0,0,-1
chr1:149224265-149224569,1,1,1,0,0,0,0,0,0,0,0,1
chr6:113150668-113151240,0,0,0,0,0,0,0,0,0,0,0,-1
chr22:44321404-44321569,1,0,0,0,0,0,0,0,0,0,0,1
chr8:138580367-138580458,0,0,0,0,0,0,0,0,0,0,0,-1
chr2:118845702-118846006,1,0,1,0,0,0,0,0,0,0,0,1
chr3:5932310-5932484,0,0,0,0,0,0,0,0,0,0,0,-1
chr12:56367407-56367683,0,0,1,0,0,0,0,0,0,0,0,1
chr16:10774316-10774437,0,0,0,0,0,0,0,0,0,0,0,-1
chr1:150601585-150601889,1,1,1,1,1,1,1,0,0,0,0,1
chr15:98503534-98503838,1,1,1,1,1,1,1,1,0,0,1,1
chr10:61818765-61818913,0,0,0,0,0,0,0,0,0,0,0,-1
chr14:76127165-76127469,1,1,1,0,0,0,0,0,0,0,1,1
chr15:61007231-61008227,0,0,0,0,0,0,0,0,0,1,0,-1
chr16:53921878-53922102,0,0,0,0,0,0,0,0,0,0,0,-1
chr6:136571374-136571678,0,1,0,0,0,0,0,0,0,1,0,1
chr19:48972161-48972465,1,1,1,1,1,1,1,1,0,1,0,1
chr2:225384960-225385134,0,0,0,0,0,0,0,0,0,0,0,-1
chr4:181600145-181600277,0,0,0,0,0,0,0,0,0,0,0,-1
chr15:32276111-32276240,0,0,0,0,0,0,0,0,0,0,0,-1
chr14:50087257-50087561,1,1,1,0,0,0,0,0,0,0,0,1
chr18:43110204-43110394,0,0,0,0,0,0,0,0,0,0,0,-1
chr1:1198950-1199113,0,0,0,0,0,0,0,0,0,0,0,-1
chr17:73851421-73851691,1,1,1,0,0,0,0,0,0,0,1,1
chr8:27044427-27045116,0,0,0,0,0,0,0,0,0,0,0,-1
chr14:27011272-27011986,0,0,0,0,0,0,0,0,0,0,0,-1
chr13:103381699-103381800,0,0,0,0,0,0,0,0,0,0,0,-1
chr7:125404924-125405630,0,0,0,0,0,0,0,0,0,0,0,-1
chr2:52006908-52007184,0,1,0,0,0,0,0,0,0,0,0,1
chr19:1940741-1940875,1,1,1,1,1,1,1,1,0,0,0,1
chr2:38416834-38416955,0,0,0,0,0,0,0,0,0,0,0,-1
chr11:75525698-75526002,0,1,1,1,1,1,1,1,0,0,0,1
chr18:47088228-47088504,0,0,1,0,0,0,0,0,0,0,0,1
chr1:155079829-155080105,0,0,1,0,0,0,0,0,0,0,0,1
chr8:129575926-129576949,0,0,0,0,0,0,0,0,0,0,0,-1
chr1:195288140-195288620,0,0,0,0,0,0,0,0,0,0,0,-1
chr20:62257387-62257539,0,0,0,0,0,0,0,0,0,0,0,1
chr5:74632763-74633028,0,1,1,1,1,1,1,1,0,0,1,1
chr17:66508375-66508679,1,1,1,1,1,1,1,1,0,0,0,1
chr19:54663486-54663790,0,0,0,1,1,1,1,0,0,0,1,1
chrX:38660511-38660787,1,1,1,1,1,1,1,1,0,1,1,1
chr12:118454291-118454595,1,1,1,1,1,1,1,1,0,0,0,1
chr12:51327525-51327795,0,0,0,0,0,0,0,0,0,0,0,1
chr9:120941532-120941772,0,0,0,0,0,0,0,0,0,0,0,-1
chr20:26189968-26190244,1,1,1,0,0,0,0,0,1,0,0,1
chr10:74091764-74092040,1,1,1,0,0,0,0,0,0,0,0,1
chr17:17743423-17743699,1,1,1,0,0,0,0,0,0,0,0,1
chr2:133262366-133262443,0,0,0,0,0,0,0,0,0,0,0,-1
chr3:52452536-52452655,0,0,0,0,0,0,0,0,0,0,0,-1
chr4:174908881-174909045,0,0,0,0,0,0,0,0,0,0,0,-1
chr11:10562654-10562958,1,1,1,0,0,0,1,0,1,1,1,1
chr20:52380319-52380589,0,0,0,0,0,0,0,0,0,0,0,1
chr5:109296879-109297101,0,0,0,0,0,0,0,0,0,0,0,-1
chr13:99914995-99915221,0,0,0,0,0,0,0,0,0,0,0,-1
chr16:19186793-19187063,0,0,0,0,0,0,0,0,0,0,0,1
chr16:3074312-3074388,0,0,0,0,0,0,0,0,0,0,0,1
chr9:16435196-16435552,0,0,0,0,0,0,0,0,0,0,0,-1
chr20:43485628-43485904,0,0,0,0,0,0,0,0,0,0,0,1
chr7:105925799-105926103,1,1,1,0,0,0,0,0,0,0,1,1
chr5:166084947-166085133,0,0,0,0,0,0,0,0,0,0,0,-1
chrX:30450310-30450425,0,0,0,0,0,0,0,0,0,0,0,-1
chr4:8359269-8359569,0,0,1,0,0,0,0,0,0,0,0,-1
chr3:433827-434515,0,0,0,0,0,0,0,0,0,0,0,-1
chr12:67502505-67502682,0,0,0,0,0,0,0,0,0,0,0,-1
chr5:168822718-168822822,0,0,0,0,0,0,0,0,0,0,0,-1
chrX:38660493-38660797,1,1,1,1,1,1,1,1,0,1,1,1
chr1:235111033-235111337,0,0,0,0,0,0,0,0,0,0,0,1
chr10:123400664-123400786,0,0,0,0,0,0,0,0,0,0,0,-1
chr2:233870887-233871408,0,0,0,0,0,0,0,0,0,0,0,-1
chr6:15956597-15956867,0,0,0,0,0,0,0,0,0,0,1,1
chr1:10458916-10459078,1,1,1,0,0,0,0,0,0,1,0,1
chr7:91764025-91764295,1,1,1,0,0,0,0,0,0,0,0,1
chr22:19166177-19166481,1,1,1,0,0,0,0,0,0,0,0,1
chr15:84714615-84714684,0,0,0,0,0,0,0,0,0,0,0,-1
chr2:32718249-32718606,0,0,0,0,0,0,0,0,0,0,0,-1
chr10:33549940-33550661,0,0,0,1,1,1,1,1,0,0,0,-1
chr12:53693308-53693612,1,1,1,1,1,1,1,1,0,0,0,1
chr17:66096203-66096473,0,1,0,0,0,0,0,0,0,0,0,1
chr11:12006079-12006202,0,0,0,0,0,0,0,0,0,0,0,-1
chr4:3786361-3786509,1,0,1,0,0,0,0,0,0,0,0,1
chrX:54363302-54363459,0,0,0,0,0,0,0,0,0,0,0,-1
chr5:144075648-144076371,0,0,0,0,0,0,0,0,1,0,0,-1
chr12:86986654-86986850,0,0,0,0,0,0,0,0,0,0,0,-1
chr9:14961487-14961763,0,0,0,0,0,0,0,0,0,0,0,1
chr17:19241737-19242007,0,0,0,0,0,0,0,0,0,0,0,1
chr3:45434087-45434667,0,0,0,1,1,1,1,1,0,0,1,-1
chr2:176049826-176050038,0,0,0,0,0,0,0,0,0,0,0,-1
chr20:33463916-33464192,1,1,1,0,0,0,0,0,0,0,0,1
chr17:45908877-45909181,0,1,1,0,0,0,1,1,0,0,0,1
chr2:223725545-223725801,1,1,1,0,0,0,0,1,0,0,0,1
chr5:158078902-158079531,0,0,0,0,0,0,0,0,0,0,0,-1
chr18:61138791-61138898,0,0,0,0,0,0,0,0,0,0,0,-1
chr8:134475703-134476195,1,1,1,0,0,0,0,0,0,0,1,-1
chr3:180642218-180642444,0,0,0,0,0,0,0,0,0,0,0,-1
chr3:156409355-156410244,0,0,0,0,0,0,0,0,0,0,0,-1
chr2:11884221-11884497,0,0,0,0,0,0,0,0,0,0,0,1
chr3:62316636-62316999,0,0,0,0,0,0,0,0,0,0,0,-1
chr17:80056042-80056322,1,1,1,0,0,0,0,0,0,0,1,1
chr1:18621719-18621804,0,0,0,0,0,0,0,0,0,0,0,-1
chr16:88923283-88923359,1,1,1,0,0,0,0,0,0,0,0,1
chr15:52426827-52427097,1,0,0,0,0,0,0,0,0,0,0,1
chr11:71159443-71159713,1,1,1,0,0,0,0,0,0,0,0,1
chr11:28506694-28506782,0,0,0,0,0,0,0,0,0,0,0,-1
chr11:120938289-120938565,0,0,0,0,0,0,0,1,0,0,0,1
chr9:45534438-45534501,0,0,0,0,0,0,0,0,0,0,0,-1
chr8:144973678-144973948,0,1,0,0,0,0,0,0,0,0,0,1
chr13:103000597-103000972,0,0,0,0,0,0,0,0,0,1,0,-1
chr1:80635-80711,0,0,0,0,0,0,0,0,0,0,0,-1
chrX:21725365-21725626,0,0,0,0,0,0,0,0,0,0,0,-1
chr8:122541395-122541513,0,0,0,0,0,0,0,0,0,0,0,-1
chr3:118788075-118788624,0,0,0,1,0,0,1,1,0,0,0,-1
chr20:34330292-34330596,1,0,1,0,0,0,0,0,0,0,0,1
chr16:13204369-13204645,0,0,0,0,0,0,1,0,0,0,0,1
chr6:26572041-26572317,0,0,0,0,0,0,0,0,0,0,0,1
chr20:25604530-25604834,1,1,1,0,0,0,1,0,0,0,1,1
chr6:38670788-38671064,0,1,1,0,0,0,0,0,0,0,0,1
chr15:93191544-93191751,0,0,0,1,1,1,0,0,0,0,0,-1
chr4:26818558-26819029,1,0,1,0,0,0,0,0,0,0,0,-1
chr19:39322555-39322831,0,0,0,0,0,0,0,0,0,0,0,1
chr8:39385710-39386166,0,0,0,0,0,0,0,0,0,0,0,-1
chr2:48541391-48541520,1,1,1,0,0,0,0,0,0,0,0,1
chr3:119650515-119651351,0,0,0,0,0,0,0,0,1,0,0,-1
chr6:38670884-38670995,0,1,1,0,0,0,0,0,0,0,0,1
chr3:43284112-43284469,0,0,0,0,0,0,0,0,0,0,0,-1
chr10:102133025-102133389,1,0,1,0,0,0,0,0,0,0,0,1
chr11:7271593-7272116,1,1,1,0,0,0,0,0,0,0,0,-1
chr16:84178847-84178927,1,0,0,1,1,1,1,1,0,0,0,1
chrX:28450662-28450880,0,0,0,0,0,0,0,0,0,0,0,-1
chr5:80263253-80263764,0,0,0,0,0,0,0,0,0,0,0,-1
chr6:88482703-88482973,1,0,1,0,0,0,0,0,0,0,0,1
chr20:49574995-49575271,0,0,0,0,0,0,0,0,0,0,0,1
chr12:92539516-92539786,0,0,1,0,0,0,0,0,0,0,0,1
chr16:33023539-33023729,0,0,0,0,0,0,0,0,0,0,0,-1
chr5:39049691-39049808,1,1,1,0,0,0,0,0,0,0,0,-1
chr21:40769816-40770537,0,0,0,1,1,1,0,1,0,0,0,-1
chr14:64108622-64108898,0,0,0,0,0,0,0,0,0,0,0,1
chr5:28915899-28916069,0,0,0,0,0,0,0,0,0,0,0,-1
chr2:26568683-26568987,1,1,1,0,0,0,0,0,0,0,1,1
chr13:40581780-40581919,0,0,0,0,0,0,0,0,0,0,0,-1
chr2:26568656-26568932,1,0,1,0,0,0,0,0,0,0,1,1
chr7:33181887-33181950,0,0,0,0,0,0,0,0,0,0,0,-1
chr11:6502631-6502901,0,1,1,0,0,0,0,0,0,0,0,1
chr3:5065052-5065322,0,0,0,0,0,0,0,0,0,0,0,1
chr5:43313666-43314019,0,0,1,0,0,0,0,0,0,0,0,1
chr2:232035883-232036263,0,0,0,0,0,0,0,0,0,0,0,-1
chr10:61689839-61689949,0,0,0,0,0,0,0,0,0,0,0,-1
chr2:107625146-107625330,0,0,0,0,0,0,1,0,0,0,0,-1
chr7:47496902-47497330,0,0,0,0,0,0,0,0,0,0,0,-1
chr17:80325826-80326130,0,0,1,0,0,0,0,0,0,0,0,1
chr1:100503538-100503748,1,1,1,0,0,0,0,0,0,0,0,1
chr10:129858569-129859116,0,1,0,1,1,1,1,1,0,1,0,-1
chr14:23519349-23519684,0,0,0,0,0,0,1,0,0,0,0,-1
chr18:21166738-21167014,1,1,1,0,0,0,0,0,0,0,0,1
chrX:32239320-32239582,0,0,0,0,0,0,0,0,0,0,0,-1
chr1:213031415-213031719,1,1,1,0,0,0,0,0,0,0,0,1
chr7:111568289-111568581,0,0,0,0,0,0,0,0,0,0,0,-1
chr9:94077882-94077959,0,0,0,0,0,0,0,0,0,0,0,-1
chr5:35034070-35034159,0,0,0,0,0,0,0,0,0,0,0,-1
chr1:34896567-34896983,0,0,1,0,0,0,0,0,0,0,0,-1
chr17:56595177-56595481,1,1,1,0,0,0,0,0,0,0,0,1
chr9:138062077-138063106,1,0,1,1,1,1,0,1,0,0,0,-1
chrX:2845733-2846037,0,0,0,0,0,0,0,0,0,1,0,1
chr6:107047832-107048281,0,0,0,0,0,0,0,0,0,0,0,-1
chr6:28476589-28477014,0,0,0,0,0,0,0,0,0,0,0,-1
chr5:180546537-180546770,0,0,0,0,0,0,0,0,0,0,0,-1
chr5:74632744-74633072,0,1,1,1,1,1,1,1,0,0,1,1
chr6:39146460-39146672,0,0,0,0,0,0,0,0,0,0,0,-1
chr8:109818204-109818384,0,0,0,0,0,0,0,0,0,0,0,-1
chr15:52311240-52311544,1,1,1,0,0,0,0,0,0,1,0,1
chr17:57355868-57356324,0,0,0,0,0,0,0,0,0,0,0,-1
chr2:9771241-9771545,1,1,1,1,1,1,1,1,0,0,0,1
chr19:3675917-3675990,0,0,0,0,0,0,0,0,0,0,0,-1
chr22:42228859-42229100,1,1,1,0,0,0,0,0,0,0,0,1
chr10:16877195-16877292,0,0,0,0,0,0,0,0,0,0,0,-1
chr11:59318486-59318762,0,0,0,0,0,0,0,0,0,0,0,1
chr5:149922553-149922823,0,0,0,1,1,1,1,0,0,0,0,1
chr6:145727174-145727895,0,0,0,1,1,1,0,1,0,0,0,-1
chr1:111202724-111203123,0,0,0,0,0,0,0,1,0,0,0,-1
chr15:33086809-33087117,0,0,0,0,0,0,0,0,0,0,0,-1
chr17:27052651-27052955,1,1,1,0,0,0,0,0,0,0,0,1
chr17:55154621-55155608,0,0,0,0,0,0,0,0,0,0,0,-1
chr7:112928335-112928549,0,0,0,0,0,0,0,0,0,0,0,-1
chr1:55505030-55505333,1,1,1,0,0,0,0,1,0,0,1,1
chr6:28863974-28864250,0,0,0,0,0,0,0,0,0,0,0,1
chr2:54568966-54569060,0,0,0,1,1,1,1,1,0,0,0,-1
chr4:72899655-72899931,0,0,0,0,0,0,0,0,0,0,0,-1
chr11:130277395-130277626,0,0,0,0,0,0,0,0,0,0,0,-1
chr1:156163529-156163833,0,0,1,0,0,0,0,0,0,0,0,1
chr20:44485989-44486293,0,0,0,0,0,0,0,1,0,0,0,1
chr15:75940475-75940779,1,1,1,0,0,0,0,0,0,0,1,1
chr12:51327619-51327689,0,0,0,0,0,0,0,0,0,0,0,1
chr8:124457310-124457521,1,0,0,0,0,0,0,0,0,0,0,-1
chr9:117349847-117350151,1,1,1,0,0,0,0,0,0,0,0,1
chr6:28556984-28557260,0,0,0,0,0,0,0,0,0,0,0,1
chr14:94854859-94855163,0,0,1,0,0,0,0,0,0,0,1,1
chr1:121261287-121261557,1,1,1,0,0,0,0,0,1,0,0,1
chr12:110011250-110011526,1,1,0,0,0,0,0,0,0,0,0,1
chr11:17229484-17229788,1,1,1,0,0,0,0,1,0,1,0,1
chr17:46102341-46102645,0,0,0,1,1,1,1,1,0,0,0,1
chr14:90154060-90154518,0,0,0,0,0,0,0,0,0,0,0,-1
chr3:196013096-196013262,0,0,0,0,0,0,0,0,0,0,0,-1
chr2:128301125-128301244,0,0,0,0,0,0,0,0,0,0,0,-1
chr17:6939162-6939466,1,1,1,0,0,0,0,0,0,1,0,1
chr5:94344945-94345179,0,0,0,0,0,0,0,0,0,0,0,-1
chr4:29363368-29363562,0,0,0,0,0,0,0,0,0,0,0,-1
chr11:115943309-115943863,1,1,1,0,0,0,0,0,0,0,0,-1
chr11:71159411-71159674,1,1,1,0,0,0,0,0,0,0,0,1
chr12:70949090-70949649,0,0,0,0,0,0,0,0,0,0,0,-1
chr2:143885274-143885495,0,0,0,0,0,0,0,0,0,0,0,-1
chr8:11659982-11660180,1,1,1,0,0,0,0,0,0,0,0,1
chr7:150076235-150076386,1,1,1,0,0,0,0,0,0,0,0,1
chr7:4839115-4839260,1,1,1,0,0,0,0,0,0,0,0,-1
chr22:42228874-42229081,1,1,1,0,0,0,0,0,0,0,0,1
chr12:107748812-107749473,1,1,1,0,0,0,0,0,0,0,0,-1
chr11:121163218-121163488,1,1,1,0,0,0,0,0,0,0,0,1
chr11:329488-329792,0,0,1,0,0,0,0,0,0,0,0,1
chr1:155079804-155080108,0,0,1,0,0,0,0,0,0,0,0,1
chr19:16008901-16009056,1,1,1,0,0,0,0,0,0,0,0,1
chr2:140889791-140889886,0,0,0,0,0,0,0,0,0,0,0,-1
chr17:57784672-57784976,0,0,0,0,0,0,0,0,0,0,1,1
chr11:39936504-39936720,0,0,0,0,0,0,0,0,0,0,0,-1
chr7:73037168-73037472,1,1,1,0,0,0,0,0,0,0,0,1
chr15:45402909-45403308,1,1,1,0,0,0,0,0,0,0,0,-1
chr7:35982074-35982784,0,1,0,1,1,1,1,0,0,1,0,-1
chr1:215026443-215026727,0,0,0,0,0,0,0,0,0,0,0,-1
chr3:68016668-68017297,0,0,0,0,0,0,0,0,0,0,0,-1
chr18:24199916-24199992,0,0,0,0,0,0,0,0,0,0,0,-1
chr11:111270767-111270840,0,0,0,0,0,0,0,0,0,0,0,-1
chr17:15584268-15584557,0,0,0,1,1,1,0,0,0,0,0,-1
chr1:145399194-145399470,1,1,1,0,0,0,0,0,1,0,0,1
chr12:98987330-98987482,0,1,0,0,0,0,0,0,0,0,0,1
chr2:195458560-195458631,0,0,0,0,0,0,0,0,0,0,0,-1
chr7:18648439-18648803,0,0,0,0,0,0,0,0,0,0,0,-1
chr16:81110666-81110970,0,1,1,1,1,1,1,0,0,0,1,1
chr2:13896999-13897350,0,0,0,0,0,0,0,0,0,0,0,-1
chr15:94985384-94986147,1,0,0,0,0,0,0,0,1,0,0,-1
chr10:75385625-75385929,1,1,1,1,1,1,1,1,0,0,0,1
chr17:17743454-17743724,1,1,1,0,0,0,0,0,0,0,0,1
chr11:65255056-65255326,0,0,0,1,1,1,1,1,1,0,0,1
chr13:35330150-35330606,0,0,0,0,0,0,0,0,0,0,0,-1
chr12:1799996-1800272,1,1,1,0,0,0,0,0,0,0,0,1
chr11:49050824-49051257,0,0,0,0,0,0,0,0,0,0,0,-1
chr9:92117921-92117986,0,0,0,0,0,0,0,0,0,0,0,-1
chr7:71688029-71688606,0,1,0,0,0,0,0,1,0,0,0,-1
chr6:52028734-52028922,0,0,0,0,0,0,0,0,0,0,0,-1
chr12:107301362-107302051,0,1,1,0,0,0,0,0,0,1,0,-1
chr19:19634943-19635118,0,0,1,1,1,1,0,0,0,0,0,-1
chr11:118559195-118559465,0,1,0,0,0,0,0,0,0,0,0,1
chr15:96873697-96874001,1,1,1,1,1,1,1,1,0,0,1,1
chr21:47648734-47648955,1,1,1,0,0,0,0,0,0,0,0,1
chr16:30064297-30064601,1,1,1,1,1,1,1,1,0,1,0,1
chr3:133465038-133465168,1,0,0,0,0,0,0,0,0,0,1,1
chr4:166248520-166248822,1,1,1,1,1,1,1,1,0,0,0,1
chr6:28456723-28456999,0,0,0,0,0,0,0,0,1,0,0,1
chr17:80477387-80477657,1,1,1,0,0,0,0,0,1,0,0,1
chr20:44718554-44718858,1,1,1,0,0,0,0,1,0,0,0,1
chr22:23487398-23487702,1,1,1,1,1,1,1,1,0,0,0,1
chr1:57362751-57363097,0,0,0,0,0,0,0,0,0,0,0,-1
chr20:8000334-8000638,1,1,1,0,0,0,1,1,0,0,1,1
chr2:232469470-232469597,1,1,1,1,1,1,1,1,0,0,1,1
chr11:24848960-24849078,0,0,0,0,0,0,0,0,0,0,0,-1
chr6:166796414-166796718,1,1,1,0,0,0,0,0,0,0,1,1
chr14:68161477-68161753,0,0,0,0,0,0,0,0,0,0,0,1
chr16:69760273-69760577,0,0,1,0,0,0,1,1,0,0,1,1
chrX:53644408-53644714,0,0,0,0,0,0,0,0,0,0,0,-1
chr10:25013498-25013802,1,1,1,0,0,0,0,0,0,0,0,1
chr1:215060129-215060406,0,0,0,0,0,0,0,0,0,0,0,-1
chr10:91403645-91403915,0,0,0,0,0,0,0,0,0,0,0,1
chr2:232063179-232063483,1,1,1,0,0,0,1,1,0,0,1,1
chr2:47261487-47261763,0,0,0,0,0,0,0,1,0,0,0,1
chr14:21152025-21152301,0,0,0,0,0,0,0,0,1,0,0,1
chr2:189740010-189740414,0,0,0,0,0,0,0,0,0,0,0,-1
chr18:75809561-75809889,1,0,0,0,0,0,0,0,1,0,0,-1
chr12:120933580-120933884,1,1,1,0,0,0,1,1,0,0,0,1
chr6:90348454-90348589,0,0,0,0,0,0,0,1,1,1,1,-1
chr19:1940681-1940957,1,1,1,1,1,1,1,1,0,0,0,1
chr16:27542465-27543379,1,0,1,0,0,0,0,0,1,0,0,-1
chr18:72483600-72483985,0,0,0,0,0,0,0,0,0,0,0,-1
chr19:893265-893541,0,0,0,0,0,0,0,0,0,0,0,1
chr6:85067986-85068198,0,0,0,0,0,0,0,0,0,0,0,-1
chr6:10721539-10721815,0,1,0,0,0,0,0,0,0,0,0,1
chr16:2265074-2265242,1,1,1,0,0,0,0,1,0,0,0,1
chrX:34514657-34514751,0,0,0,0,0,0,0,0,0,0,0,-1
chr8:85984911-85985100,0,0,0,0,0,0,0,0,0,0,0,-1
chr17:12856310-12856597,0,0,0,0,0,0,0,0,0,0,0,-1
chr6:53213677-53213953,1,1,1,0,0,0,0,0,0,0,1,1
chr19:15529819-15530123,1,1,1,0,0,0,0,0,0,0,0,1
chr20:26189850-26190120,1,1,1,0,0,0,0,0,0,0,0,1
chr20:2499787-2500074,0,0,0,0,0,0,0,0,0,0,0,-1
chr2:198862990-198863581,0,0,0,0,0,0,0,0,0,0,0,-1
chr14:24053316-24053586,0,1,0,0,0,0,0,0,0,0,1,1
chr7:11012758-11013034,0,0,0,0,0,0,0,0,0,0,0,1
chr11:118416569-118416669,0,0,0,0,0,0,0,0,0,0,0,-1
chr20:6284905-6285756,0,0,0,0,0,0,0,0,0,0,0,-1
chr2:178077053-178077329,1,0,1,0,0,0,0,0,0,0,0,1
chr11:94860485-94860928,0,0,0,0,0,0,0,0,0,0,0,-1
chr6:13198614-13198689,0,0,0,0,0,0,0,0,0,0,0,-1
chr20:15181935-15182011,0,0,0,0,0,0,0,0,0,0,0,-1
chr14:21737594-21737870,0,1,0,0,0,0,0,0,0,0,0,1
chr4:55088691-55088812,0,0,0,0,0,0,0,0,0,0,0,-1
chr16:78028993-78029188,0,0,0,0,0,0,0,0,0,0,0,-1
chr4:125416704-125416861,0,0,0,0,0,0,0,0,0,0,0,-1
chr20:3983916-3984159,0,0,0,0,0,0,0,0,0,0,0,-1
chr6:114350601-114350820,0,0,0,0,0,0,0,0,0,0,0,-1
chr12:81537010-81537280,0,0,0,0,0,0,0,0,0,0,0,1
chr16:69458240-69458544,0,1,1,1,1,1,1,0,0,0,0,1
chr13:58793743-58794297,0,0,0,0,0,0,0,0,0,0,0,-1
chr6:28949827-28950103,1,1,1,0,0,0,0,0,1,0,0,1
chr3:34230197-34230338,0,0,0,0,0,0,0,0,0,0,0,-1
chr6:31830649-31830919,1,1,0,0,0,0,0,0,0,0,0,1
chr12:119169554-119169669,0,0,0,1,1,1,0,0,0,0,0,-1
chr5:159393081-159393270,0,0,0,0,0,0,0,0,0,0,0,-1
chr4:164813528-164813678,0,0,0,0,0,0,0,0,0,0,0,-1
chr20:49015629-49015905,1,1,1,0,0,0,0,0,0,1,0,1
chr10:7600654-7601231,0,0,0,0,0,0,0,0,0,0,0,-1
chr16:85384848-85384933,0,0,0,0,0,0,0,0,0,0,0,-1
chr6:169845681-169846438,1,1,1,1,0,0,1,0,0,0,0,-1
chr18:50369124-50369198,0,0,0,0,0,0,0,0,0,0,0,-1
chr5:148760103-148760213,0,0,0,0,0,0,0,0,0,0,0,1
chr22:30988103-30988373,1,1,1,1,1,1,1,1,0,0,0,1
chr12:98987246-98987522,1,1,1,1,1,1,1,1,0,1,0,1
chr6:49610291-49610638,0,0,0,0,0,0,0,0,0,0,0,-1
chr20:49015578-49015882,1,1,1,0,0,0,0,0,1,1,0,1
chr17:8028914-8029190,1,0,0,1,1,1,1,0,1,1,0,1
chr7:38258948-38259165,0,0,0,0,0,0,0,0,0,0,0,-1
chr7:84988842-84988980,0,0,0,0,1,0,1,0,0,0,0,-1
chr2:11884264-11884455,0,0,0,0,0,0,0,0,0,0,0,1
chr14:96001033-96001303,0,0,1,0,0,0,0,1,0,0,0,1
chr5:34839061-34839331,1,1,1,1,1,1,1,1,0,0,0,1
chr4:147447144-147447296,0,0,0,0,0,0,0,0,0,0,0,-1
chrX:101160643-101160751,0,0,0,0,0,0,0,0,0,0,0,-1
chr1:151767211-151767402,0,0,0,0,0,0,1,0,0,0,0,-1
chr7:149050971-149051055,0,0,0,0,0,0,0,0,0,0,0,-1
chr1:56797861-56798137,1,1,1,0,0,0,0,0,0,0,0,1
chr9:33001474-33001750,0,1,0,0,0,0,0,0,0,0,0,1
chr10:58025523-58025657,0,0,0,0,0,0,0,0,0,0,0,-1
chr18:68215546-68216159,0,0,0,0,0,0,0,0,0,0,0,-1
chr8:17773462-17773706,1,1,0,0,0,0,0,0,0,0,0,1
chr2:33685364-33685583,0,0,0,0,0,0,0,0,0,0,0,-1
chr12:20094007-20094076,0,0,0,0,0,0,0,0,0,0,0,-1
chr20:62466353-62466657,1,1,1,1,1,1,1,1,0,0,0,1
chr17:79869174-79869478,1,1,1,0,0,0,0,0,0,0,1,1
chr19:4759768-4760072,1,1,1,1,1,1,1,1,1,0,1,1
chr19:9945336-9945640,1,0,1,1,1,1,1,1,0,0,0,1
chr1:213510734-213511056,0,0,0,0,0,0,0,0,0,0,0,-1
chr2:39838819-39839151,0,0,0,0,0,0,0,0,0,0,0,-1
chr2:17703622-17704150,0,0,0,0,0,0,0,0,0,0,0,-1
chr11:33604792-33604883,0,0,0,0,0,0,0,0,0,0,0,-1
chr7:22400367-22400729,0,0,0,0,0,0,0,0,0,0,0,-1
chr5:139554536-139554840,1,1,1,1,1,1,1,1,1,1,1,1
chr7:73668707-73669011,1,1,1,1,1,1,1,1,0,1,1,1
chr19:2061405-2061709,1,1,1,1,1,1,1,1,0,0,0,1
chr10:53930918-53931546,0,0,0,0,0,0,0,1,0,0,0,-1
chr12:76451083-76451971,1,0,0,0,0,0,0,0,1,0,0,-1
chr4:3786330-3786600,1,0,1,0,0,0,0,0,0,0,0,1
chr15:44489006-44489167,0,0,0,0,0,0,0,0,0,0,0,-1
chr11:116696302-116696414,0,0,0,0,0,0,0,0,0,0,0,1
chr20:44500959-44501054,0,0,0,0,0,0,0,0,0,0,0,-1
chr20:34652511-34652815,1,1,1,1,1,1,1,1,0,1,1,1
chr11:43701917-43702193,1,0,1,0,0,0,0,0,0,0,1,1
chr19:11199896-11200172,0,0,0,1,1,1,1,1,1,0,0,1
chr19:5322134-5322609,1,1,1,0,0,0,0,0,1,0,1,-1
chr13:88100158-88100770,0,0,0,0,0,0,0,0,0,0,0,-1
chr17:73031053-73031329,1,1,1,0,0,0,0,0,0,0,0,1
chr7:157112582-157112858,0,0,0,0,0,0,0,0,0,0,0,1
chr4:84247787-84248130,0,0,0,0,0,0,1,1,0,0,0,-1
chrX:123948175-123948298,0,0,0,0,0,0,0,0,0,0,0,-1
chrX:151999426-151999702,0,1,1,0,0,0,0,0,0,0,0,1
chr11:116696233-116696509,0,0,0,0,0,0,0,0,0,0,0,1
chr14:34398419-34398572,0,0,0,0,0,0,0,0,0,0,0,-1
chr11:62609036-62609306,0,0,0,0,0,0,0,0,0,0,0,1
chr2:154680939-154681099,0,0,0,0,0,0,0,0,0,0,0,-1
chr17:19411310-19411586,0,0,0,0,0,0,0,0,0,0,0,1
chr19:42724256-42724560,1,1,1,1,1,1,0,0,0,0,0,1
chr15:65282178-65282482,1,1,1,1,1,1,1,1,0,0,0,1
chr9:116427375-116427823,0,0,0,0,0,0,0,0,0,0,0,-1
chr16:33013700-33014055,0,1,0,0,0,0,0,0,0,1,0,-1
chr19:14063037-14063313,1,1,1,0,0,0,0,0,0,0,1,1
chr9:108180903-108181173,0,0,0,0,0,0,0,0,0,0,0,1
chr14:42930820-42930916,0,0,0,0,0,0,0,0,0,0,0,-1
chr4:6814340-6815076,0,0,0,0,0,0,0,0,0,0,0,-1
chr4:48264514-48265450,0,1,0,0,0,0,0,0,0,0,0,-1
chr21:38630558-38630862,0,0,1,0,0,0,0,0,1,1,1,1
chr22:21894320-21894505,0,1,0,0,0,0,0,0,0,0,0,-1
chr2:220462709-220463013,1,1,1,1,1,1,1,1,0,0,1,1
chr9:106823598-106824000,0,0,0,0,0,0,0,0,0,0,0,-1
chr10:38645079-38645383,1,1,1,0,0,0,0,0,0,1,0,1
chr10:115005499-115006292,0,0,0,0,0,0,0,0,0,0,0,-1
chr14:74003755-74003833,0,0,1,0,0,0,0,0,0,0,0,1
chr11:329477-329747,0,0,1,0,0,0,0,0,0,0,0,1
chr9:76998447-76998838,0,0,0,0,0,0,0,1,1,0,0,-1
chr17:27757259-27757529,0,0,0,0,0,0,0,0,0,0,0,1
chr5:109698460-109698639,0,0,0,0,0,0,0,0,0,0,0,-1
chr5:114961734-114961983,1,0,1,0,0,0,0,0,0,0,1,-1
chr15:64700310-64700373,0,0,0,0,0,0,0,0,0,0,0,-1
chr16:67840814-67841118,1,1,1,1,1,1,1,1,0,0,0,1
chr9:80248840-80249064,0,0,0,0,0,0,0,0,0,0,0,-1
chr20:44509602-44509906,1,1,0,1,1,1,1,1,1,1,0,1
chr5:148759996-148760266,0,1,0,0,0,0,0,0,0,0,0,1
chr2:191047438-191047650,0,0,0,0,0,0,0,0,0,0,0,-1
chr12:110011271-110011541,1,0,0,0,0,0,0,0,0,0,0,1
chr18:63242935-63243942,0,0,1,0,0,0,0,0,0,0,0,-1
chr1:56797883-56798187,1,1,1,0,0,0,0,0,0,0,0,1
chr3:129158890-129159194,0,1,1,1,1,1,1,1,0,0,1,1
chr10:46090261-46090565,1,1,1,1,1,1,1,1,0,0,0,1
chr2:21646187-21647192,0,0,0,0,0,0,0,0,0,0,0,-1
chr2:214148938-214149242,1,1,1,1,1,1,1,1,0,0,1,1
chr12:70654304-70654361,0,0,0,0,0,0,0,0,0,0,0,-1
chr17:73029836-73030112,0,0,1,0,0,0,0,0,0,0,0,1
chr2:39435784-39435842,1,0,0,0,0,0,1,0,0,0,0,-1
chrX:71546967-71547131,0,0,0,0,0,0,0,0,0,0,0,-1
chr2:160342181-160343088,0,0,0,0,0,0,0,0,0,0,0,-1
chr6:7160611-7160881,0,0,0,0,0,0,0,0,0,0,0,1
chr8:25157743-25158091,0,0,0,0,0,0,0,0,0,0,0,-1
chr8:6565704-6566008,1,1,1,1,1,1,1,1,1,0,1,1
chr4:159026912-159027082,0,0,0,0,0,0,0,0,0,0,0,-1
chrX:43713209-43713502,0,0,0,0,0,0,0,0,1,0,0,-1
chr4:84734542-84735067,0,0,0,0,0,0,0,0,1,0,0,-1
chr11:9336157-9336253,1,1,1,0,0,0,0,0,0,0,0,1
chr9:35241378-35241554,0,0,0,0,0,0,0,0,0,0,0,-1
chr6:112408657-112408961,1,1,0,1,1,1,1,1,0,0,1,1
chr17:67531752-67532020,0,0,0,0,0,0,0,0,0,0,0,-1
chr8:67391221-67391454,0,0,0,0,0,0,0,0,0,0,0,-1
chr20:50847900-50848170,0,0,0,0,0,0,0,0,0,0,0,1
chr6:168581963-168582344,0,0,1,1,1,1,0,0,0,0,1,-1
chr1:225615780-225616084,1,1,1,0,0,0,0,0,0,0,0,1
chr4:143233183-143233693,0,0,0,0,0,0,0,0,0,0,0,-1
chr5:168006683-168006952,0,1,0,0,0,0,0,0,0,0,0,1
chr17:62075539-62075843,1,1,1,1,1,1,1,1,0,0,1,1
chr14:53525132-53525194,0,0,0,0,0,0,0,0,0,0,0,-1
chr17:39831095-39831384,0,0,0,0,0,0,0,0,0,0,1,-1
chr16:23115810-23116080,0,0,0,0,0,0,0,0,0,0,0,1
chr19:54663497-54663767,0,0,0,1,1,1,1,0,0,0,1,1
chr19:4723909-4724185,1,1,1,0,0,0,0,0,1,0,0,1
chr2:20711778-20712396,1,0,1,0,0,0,0,0,0,0,0,-1
chr19:9929672-9929976,1,1,1,0,0,0,0,0,0,0,0,1
chr6:33385995-33386299,1,1,1,0,0,0,0,0,0,0,1,1
chr19:58912626-58912944,0,1,1,1,1,1,1,1,0,0,1,1
chr13:57903003-57903682,0,0,0,0,0,0,0,0,0,0,0,-1
chr17:80675827-80675933,1,1,0,0,0,0,0,0,0,0,0,-1
chr15:65496921-65496989,0,0,0,0,0,0,0,0,0,0,0,-1
chr5:111141443-111141511,0,0,0,0,0,0,0,0,0,0,0,-1
chr1:36929961-36930088,0,1,1,0,0,0,0,0,0,0,0,1
chr14:64394758-64395632,1,0,0,0,0,0,0,0,0,0,0,-1
chr3:161894310-161894738,0,0,0,0,0,0,0,0,0,0,0,-1
chr12:6716584-6716888,1,1,1,1,0,0,1,1,0,0,1,1
chr20:40041589-40041963,0,0,0,0,0,0,0,0,0,0,0,-1
chr21:44394536-44394812,1,1,1,0,0,0,0,0,0,0,0,1
chr20:49015638-49015908,1,1,1,0,0,0,0,0,0,1,0,1
chr20:21538016-21538674,1,1,1,0,0,0,0,0,0,0,0,-1
chr8:123913441-123913548,0,0,1,0,0,0,0,0,0,0,0,-1
chr18:33058500-33058776,0,0,0,0,0,0,0,0,0,0,0,1
chr16:759573-759877,0,0,1,1,1,1,1,1,0,0,0,1
chr2:70476071-70476347,0,0,0,0,0,0,0,0,1,0,0,1
chr13:70977835-70978183,0,0,0,0,0,0,0,0,0,0,0,-1
chr3:80460735-80461646,0,0,0,0,0,0,0,0,0,0,0,-1
chr5:171291876-171292178,0,0,0,0,0,0,0,0,0,0,0,-1
chr9:108877378-108877953,0,0,0,0,0,0,0,0,0,0,0,-1
chr11:116747080-116747639,0,0,0,0,0,0,0,0,0,0,0,-1
chr5:7483423-7484137,0,0,0,0,0,0,0,0,0,0,0,-1
chr16:69458262-69458532,0,0,1,1,1,1,1,0,0,0,0,1
chr5:13269518-13270448,0,0,0,0,0,0,0,0,0,0,0,-1
chr11:71814307-71814611,1,1,1,0,0,0,0,0,0,1,0,1
chr19:41283968-41284272,1,1,1,0,0,0,0,0,0,0,0,1
chr14:25513677-25513823,0,0,0,0,0,0,0,0,0,0,0,-1
chr17:63415200-63415774,0,0,0,0,0,0,0,0,0,0,0,-1
chr7:29381873-29382445,0,0,0,0,0,0,0,0,0,0,0,-1
chr12:57024022-57024326,1,1,1,0,0,0,0,0,0,1,0,1
chr1:155164593-155164897,1,1,1,1,1,1,1,1,0,0,1,1
chr1:168101141-168101220,0,0,0,0,0,0,0,0,0,0,0,-1
chr5:168006685-168006955,0,1,0,0,0,0,0,0,0,0,0,1
chr11:61595312-61595553,1,1,1,0,0,0,0,1,1,0,0,1
chr4:166248480-166248903,1,1,1,1,1,1,1,1,0,0,0,1
chr8:17773421-17773691,1,1,0,0,0,0,0,0,1,0,0,1
chr11:59317949-59318225,0,0,1,0,0,0,0,0,1,0,1,1
chr12:7126008-7126312,1,1,1,0,0,0,0,0,0,0,1,1
chr4:156045047-156045682,0,0,0,0,0,0,0,0,0,0,0,-1
chr4:39342726-39342996,0,1,0,0,0,0,0,0,0,0,0,1
chr2:209239738-209240386,0,0,0,0,0,0,1,1,0,0,0,-1
chr1:16171920-16172061,0,0,0,0,0,0,0,0,0,0,0,-1
chr6:47677987-47678166,0,0,0,0,0,0,0,0,0,0,0,-1
chr1:98866846-98866913,0,0,0,0,0,0,0,0,0,0,0,-1
chr19:18303635-18303939,0,0,1,0,0,0,0,0,0,0,0,1
chr2:112677853-112678123,1,1,0,0,0,0,0,0,0,0,0,1
chr14:38016121-38016391,0,0,0,1,1,1,0,0,0,0,0,1
chr9:86323425-86323729,0,0,0,0,0,0,0,0,0,0,1,1
chr18:21166733-21167037,1,1,1,0,0,0,0,0,0,0,0,1
chr18:45457441-45457745,1,1,1,0,0,0,0,0,0,0,1,1
chrX:48379972-48380276,1,1,1,0,0,0,0,0,0,0,0,1
chr17:29537698-29537760,0,0,0,0,0,0,0,0,0,0,0,-1
chr10:105033719-105033793,0,0,0,0,0,0,0,0,0,0,0,-1
chr4:6674967-6675243,0,1,0,0,0,0,0,0,0,0,1,1
chr1:14908966-14909382,0,0,0,0,0,0,0,0,0,0,0,-1
chr19:45981846-45982122,0,0,0,0,0,0,0,0,0,0,0,1
chr7:70105429-70105558,0,0,0,0,0,0,0,0,0,0,0,-1
chr14:101217523-101217799,0,1,0,0,0,0,0,0,0,0,0,1
chr11:78253959-78254071,0,0,0,0,0,0,0,0,0,0,0,-1
chr16:66914488-66914792,1,1,1,0,0,0,0,0,0,0,0,1
chrX:119790572-119790705,0,0,0,0,0,0,0,0,0,0,0,-1
chr16:3074164-3074440,1,1,1,0,0,0,0,0,0,0,1,1
chr3:64019988-64020070,0,0,0,0,0,0,0,0,0,0,0,-1
chr1:121261277-121261553,1,1,1,0,0,0,0,0,1,0,0,1
chr3:104704646-104704723,0,0,0,0,0,0,0,0,0,0,0,-1
chr2:129729141-129729244,0,0,0,0,0,0,0,0,0,0,0,-1
chr19:8261502-8262046,0,0,1,0,0,0,0,0,0,0,1,-1
chr20:3748966-3749270,1,1,1,1,1,1,1,1,0,0,1,1
chr1:43613383-43613687,1,1,1,0,0,0,1,1,0,0,0,1
chr6:52285114-52285217,0,1,1,1,1,1,1,1,0,0,0,1
chr6:167706437-167707474,1,1,1,0,0,0,0,1,1,0,0,-1
chr20:49126571-49126841,1,1,1,1,1,1,1,1,1,0,1,1
chr7:87505600-87505904,1,1,1,0,0,0,0,0,0,0,0,1
chr7:81599301-81599471,0,0,0,0,0,0,0,0,0,0,0,-1
chr5:34000063-34000609,0,0,0,0,0,0,0,0,0,0,0,-1
chr19:23032737-23032801,0,0,0,0,0,0,0,0,0,0,0,-1
chr20:34542156-34542426,1,1,0,0,0,0,0,0,0,0,0,1
chr15:54265751-54266077,0,0,0,0,0,0,0,0,0,0,0,-1
chr4:21338769-21338855,0,0,0,0,0,0,0,0,0,0,0,-1
chr3:159766776-159766857,0,0,0,0,0,0,0,0,0,0,0,-1
chr22:23864018-23864322,1,1,1,1,1,1,1,1,0,0,0,1
chr14:68389109-68389272,0,0,0,0,0,0,0,0,0,0,0,-1
chr8:129315050-129315693,0,0,0,0,0,0,0,0,0,0,0,-1
chrX:12693805-12694667,0,0,0,1,1,1,1,0,0,0,0,-1
chrX:84286804-84287238,0,0,0,0,0,0,0,0,0,0,0,-1
chr15:53347996-53348199,0,0,0,1,1,1,1,0,0,0,0,-1
chr20:47146455-47146557,0,0,0,0,0,0,0,0,0,0,0,-1
chr4:116076483-116076762,0,0,0,0,0,0,0,0,0,0,0,-1
chr6:10721658-10721833,0,1,0,0,0,0,0,0,0,0,0,1
chr12:26109695-26109752,0,0,0,0,0,0,0,0,0,0,0,-1
chr12:53886804-53887108,1,1,1,1,1,1,1,1,0,0,0,1
chr1:244459382-244459720,0,0,0,0,0,0,0,0,0,0,1,-1
chr11:27384711-27385015,1,1,1,1,1,1,1,1,1,0,1,1
chr1:229246042-229246195,0,0,0,0,0,0,0,0,0,0,0,-1
chr1:95994737-95995525,1,0,0,0,0,0,0,0,0,0,0,-1
chr1:11866048-11866324,1,1,1,0,0,0,0,0,0,1,0,1
chr4:111115009-111115279,0,0,0,0,0,0,0,0,0,0,0,1
chr5:162550602-162551063,0,0,0,0,0,0,0,0,0,0,0,-1
chr8:26434833-26435137,1,1,1,0,0,0,0,1,0,1,1,1
chr5:139036610-139036673,0,0,0,0,0,0,0,0,0,0,0,-1
chr19:59084099-59084369,1,1,0,1,1,1,1,1,0,0,1,1
chr10:125190921-125191145,0,0,0,0,0,0,0,0,0,0,0,-1
chr6:53224147-53224423,1,1,1,0,0,0,0,0,0,0,0,1
chr6:5082897-5083201,0,0,0,0,0,0,0,0,0,0,0,1
chr19:54663540-54663816,0,0,0,1,1,1,1,0,0,0,1,1
chr9:75129166-75129287,0,0,0,0,0,0,0,0,0,0,0,-1
chr20:6277030-6277386,1,1,1,0,0,0,0,0,0,0,0,-1
chr5:139780945-139781249,1,0,0,0,0,0,0,0,0,0,1,1
chr17:26645937-26646213,0,0,1,0,0,0,0,0,0,1,0,1
chr8:11659944-11660214,1,1,1,0,0,0,0,0,0,0,0,1
chr11:111895643-111895947,1,1,1,0,0,0,0,0,1,0,0,1
chr22:21400052-21400172,0,0,1,0,0,0,1,1,0,0,0,1
chr6:55819171-55820047,0,0,0,0,0,0,0,0,0,1,0,-1
chr9:140188711-140189015,1,1,0,1,1,1,1,0,0,0,0,1
chr22:45946496-45946756,1,0,0,0,0,0,0,0,0,0,0,-1
chr2:11884259-11884529,0,0,0,0,0,0,0,0,0,0,0,1
chr2:109739327-109739767,0,0,0,0,0,0,0,0,0,0,0,-1
chr3:17516615-17516699,1,0,1,0,0,0,0,0,0,0,0,-1
chr2:88927088-88927392,0,0,0,0,0,0,0,0,0,0,0,1
chr8:7200465-7200599,0,0,0,0,0,0,0,0,0,0,0,-1
chr12:82827710-82827816,0,0,0,0,0,0,0,0,0,0,0,-1
chr10:71856884-71856945,0,0,0,0,0,0,0,0,0,0,0,-1
chr8:122185470-122185688,0,0,0,0,0,0,0,0,0,0,0,-1
chr3:160514585-160514861,0,0,0,0,0,0,0,0,0,0,0,1
chr12:56367437-56367741,1,0,1,0,0,0,0,0,0,0,0,1
chr1:3167720-3168024,1,1,1,0,0,0,0,0,0,0,0,1
chr17:27757286-27757562,0,0,0,0,0,0,0,0,0,0,0,1
chr4:111115032-111115218,0,0,0,0,0,0,0,0,0,0,0,1
chr11:132857090-132857205,0,0,0,1,1,1,1,0,0,1,0,-1
chr16:67514943-67515247,1,1,1,0,0,0,0,0,0,1,0,1
chr8:77177047-77177777,0,0,0,0,0,0,0,0,0,0,0,-1
chr9:108180929-108181105,0,0,0,0,0,0,0,0,0,0,0,1
chr1:111913058-111913116,0,0,0,0,0,0,0,0,0,0,0,-1
chr1:55505026-55505296,1,1,0,0,0,0,0,1,0,0,1,1
chr7:100797414-100797718,1,1,1,1,1,1,1,1,0,1,0,1
chr10:38545220-38545409,0,0,0,0,0,0,0,0,0,0,0,-1
chr6:147057149-147057442,0,0,0,0,0,0,0,0,0,0,0,-1
chr19:10216775-10217079,1,1,1,1,1,1,1,1,0,0,0,1
chr9:43692574-43692794,0,0,0,0,0,0,0,0,0,0,0,-1
chr7:44836063-44836333,1,1,1,0,0,0,0,0,1,0,0,1
chr22:30608642-30608912,0,0,1,0,0,0,0,0,0,0,0,1
chr4:23772498-23772697,0,0,0,0,0,0,0,0,0,0,0,-1
chr5:101632126-101632333,1,1,1,0,0,0,0,0,0,0,0,1
